sku,Similar 1,Similar 2,Similar 3,Similar 4,Similar 5]
others,SR0151S,SR0148S,SR0169S,SR0155S,SR0163S,SR0160S,SR0155S
SR0102S,SR0151S,SR0150S,SR0169S,SR0170S,SR0153S
SR0104S,SR0125S,SR0110S,SR0111S,SR0112S,SR0148S
SR0107S,SR0170S,SR0343S,SR0723SD,SR0716SD,SR0567SB
SR0110S,SR0150S,SR0151S,SR0153S,SR0154S,SR0156S
SR0110SL,SR0155SL,SR0112SL,SR0232SL,SR0153SL,SR0190SL
SR0111S,SR0160S,SR0169S,SR0170S,SR0173S,SR0177S
SR0112S,SR0188SG,SR0189S,SR0190S,SR0205S,SR0216S
SR0112SL,SR0110SL,SR0120SL_N,SR0232SL,SR0153SL,SR0190SL
SR0115SYS,SR0164S,SR0164SL,SR0177SL,SR0210S,SR0212S
SR0120S_N,SR0218S_N,SR0223S,SR0226S,SR0226SD,SR0231S
SR0120SL_N,SR0110SL,SR0112SL,SR0232SL,SR0153SL,SR0190SL
SR0125S,SR0260SD,SR0263S,SR0266S,SR0267S,SR0317S
SR0126S,SR0331SH,SR0350S,SR0351S,SR0357S,SR0415S
SR0128SL,SR0149SL,SR0197SL,SR0217SL,SR0240SL,SR0241SL
SR0133S,SR0427S,SR0557S,SR0558S,SR0559S,SR0560S
SR0146S_N,SR0561S,SR0562S,SR0563S,SR0564S,SR0565S
SR0146SL_N,SR0110SL,SR0120SL_N,SR0232SL,SR0153SL,SR0190SL
SR0148S,SR0592SB,SR0593SB,SR0595SB,SR0596SB,SR0608S
SR0149S,SR0167S,SR0217S,SR0343S,SR0413S,SR0589SB
SR0149SL,SR0128SL,SR0197SL,SR0217SL,SR0240SL,SR0241SL
SR0150S,SR0623S,SR0625S,SR0627S,SR0632S,SR0643S
SR0151S,SR0645S,SR0696S,SR0717SD,SR0720SD,SR0723SD
SR0152S_N,SR0242S,SR0436S,SR0566S,SR0587SB,SR0588SB
SR0152SL_N,SR0158SL,SR0242SL_N,SR0436S,SR0566S,SR0629S
SR0153S,SR0724SD,SR0725SD,SR0727SRD,SR0728SD,SR0729SED
SR0153SL,SR0110SL,SR0146SL_N,SR0232SL,SR0206SL,SR0190SL
SR0154S,SR0730SD,SR0737SD,SR0104S,SR0107S,SR0110S
SR0155S,SR0809SPS,WRG_SR0699S,WRGD_SR0699SD,SR0102S,SR0115SYS
SR0155SL,SR0110SL,SR0146SL_N,SR0232SL,SR0153SL,SR0190SL
SR0156S,SR0111S,SR0112S,SR0120S_N,SR0125S,SR0126S
SR0156SL,SR0155SL,SR0212SL,SR0232SL,SR0153SL,SR0190SL
SR0158SL,SR0152SL_N,SR0242SL_N,SR0719SD,SR0718SD,SR0630S
SR0160S,SR0133S,SR0146S_N,SR0148S,SR0150S,SR0151S
SR0160SL,SR0155SL,SR0156SL,SR0232SL,SR0153SL,SR0190SL
SR0161SL,SR0155SL,SR0156SL,SR0232SL,SR0153SL,SR0190SL
SR0163S,SR0121SD,SR0155S,SR0164S,SR0177SL,SR0210S
SR0164S,SR0212S,SR0402S,SR0591SB,SR0726S,SR0808S
SR0164SL,SR0809SD,SR0809SPS,WRG_SR0699S,WRGD_SR0699SD,SR0102S
SR0167S,SR0343S,SR0589SB,SR0590SB,SR0683S,SR0716SD
SR0169S,SR0153S,SR0154S,SR0156S,SR0160S,SR0170S
SR0170S,SR0173S,SR0177S,SR0188SG,SR0189S,SR0190S
SR0173S,SR0205S,SR0216S,SR0218S_N,SR0223S,SR0226S
SR0177S,SR0226SD,SR0231S,SR0260SD,SR0263S,SR0266S
SR0177SL,SR0115SYS,SR0121SD,SR0155S,SR0163S,SR0164S
SR0188SG,SR0267S,SR0317S,SR0331SH,SR0350S,SR0351S
SR0189S,SR0357S,SR0415S,SR0427S,SR0557S,SR0558S
SR0190S,SR0559S,SR0560S,SR0561S,SR0562S,SR0563S
SR0190SL,SR0155SL,SR0231SL,SR0212SL,SR0232SL,SR0206SL
SR0197SL,SR0128SL,SR0149SL,SR0217SL,SR0240SL,SR0241SL
SR0205S,SR0564S,SR0565S,SR0592SB,SR0593SB,SR0595SB
SR0206SL,SR0160SL,SR0231SL,SR0232SL,SR0153SL,SR0190SL
SR0210S,SR0177SL,SR0212S,SR0402S,SR0591SB,SR0726S
SR0212S,SR0808S,SR0809SD,SR0809SPS,WRG_SR0699S,WRGD_SR0699SD
SR0212SL,SR0160SL,SR0258SL,SR0232SL,SR0206SL,SR0190SL
SR0216S,SR0596SB,SR0608S,SR0623S,SR0625S,SR0627S
SR0217S,SR0343S,SR0413S,SR0589SB,SR0590SB,SR0716SD
SR0217SL,SR0197SL,SR0149SL,SR0128SL,SR0240SL,SR0241SL
SR0218S_N,SR0632S,SR0643S,SR0645S,SR0696S,SR0717SD
SR0223S,SR0720SD,SR0723SD,SR0724SD,SR0725SD,SR0727SRD
SR0226S,SR0728SD,SR0729SED,SR0730SD,SR0737SD,SR0104S
SR0226SD,SR0107S,SR0110S,SR0111S,SR0112S,SR0120S_N
SR0231S,SR0125S,SR0126S,SR0133S,SR0146S_N,SR0148S
SR0231SL,SR0160SL,SR0258SL,SR0232SL,SR0206SL,SR0190SL
SR0232SL,SR0146SL_N,SR0161SL,SR0327SL,SR0206SL,SR0190SL
SR0240SL,SR0425SL,SR0241SL,SR0217SL,SR0197SL,SR0149SL
SR0241SL,SR0128SL,SR0149SL,SR0197SL,SR0217SL,SR0240SL
SR0242S,SR0152S_N,SR0771SDS,SR0770SDS,SR0719SD,SR0629S
SR0242SL_N,SR0152SL_N,SR0158SL,SR0436S,SR0718SD,SR0719SD
SR0258SL,SR0161SL,SR0327SL,SR0232SL,SR0206SL,SR0190SL
SR0260SD,SR0150S,SR0151S,SR0153S,SR0154S,SR0156S
SR0261S,SR0269SDL,SR0271S,SR0567SB,SR0569SB,WRS_SR0683S
SR0262S,WRSD_SR0683S,SR0577SB,SR0569SB,SR0270S,SR0261S
SR0263S,SR0160S,SR0169S,SR0170S,SR0173S,SR0177S
SR0263SL,SR0161SL,SR0437SL,SR0232SL,SR0206SL,SR0190SL
SR0266S,SR0188SG,SR0189S,SR0190S,SR0205S,SR0216S
SR0267S,SR0218S_N,SR0223S,SR0226S,SR0226SD,SR0231S
SR0269SDL,WRSD_SR0683S,SR0576SB,SR0569SB,SR0271S,SR0262S
SR0270S,SR0262S,SR0567SB,SR0569SB,WRS_SR0218SH,WRSD_SR0683S
SR0271S,SR0577SB,SR0569SB,WRS_SR0683S,SR0269SDL,SR0261S
SR0327SL,SR0263SL,SR0437SL,SR0232SL,SR0206SL,SR0190SL
SR0331SH,SR0350S,SR0351S,SR0357S,SR0415S,SR0427S
SR0343S,SR0167S,SR0716SD,SR0683S,SR0590SB,SR0589SB
SR0350S,SR0557S,SR0558S,SR0559S,SR0560S,SR0561S
SR0351S,SR0562S,SR0563S,SR0564S,SR0565S,SR0592SB
SR0357S,SR0593SB,SR0595SB,SR0596SB,SR0608S,SR0623S
SR0413S,SR0590SB,SR0589SB,SR0217S,SR0149S,SR0716SD
SR0415S,SR0625S,SR0627S,SR0632S,SR0643S,SR0645S
SR0425SL,SR0241SL,SR0240SL,SR0217SL,SR0197SL,SR0149SL
SR0427S,SR0696S,SR0717SD,SR0720SD,SR0723SD,SR0724SD
SR0436S,SR0152S_N,SR0242S,SR0629S,SR0630S,SR0719SD
SR0437SL,SR0263SL,SR0438SL,SR0232SL,SR0206SL,SR0190SL
SR0438SL,SR0263SL,SR0156SL,SR0232SL,SR0206SL,SR0190SL
SR0557S,SR0725SD,SR0727SRD,SR0728SD,SR0729SED,SR0730SD
SR0558S,SR0737SD,SR0104S,SR0107S,SR0110S,SR0111S
SR0559S,SR0112S,SR0120S_N,SR0125S,SR0126S,SR0133S
SR0560S,SR0146S_N,SR0148S,SR0150S,SR0151S,SR0153S
SR0561S,SR0154S,SR0156S,SR0160S,SR0169S,SR0170S
SR0562S,SR0173S,SR0177S,SR0188SG,SR0189S,SR0190S
SR0563S,SR0205S,SR0216S,SR0218S_N,SR0223S,SR0226S
SR0564S,SR0226SD,SR0231S,SR0260SD,SR0263S,SR0266S
SR0565S,SR0267S,SR0317S,SR0331SH,SR0350S,SR0351S
SR0566S,SR0587SB,SR0588SB,SR0610S,SR0629S,SR0630S
SR0567SB,SR0577SB,SR0569SB,WRS_SR0683S,SR0269SDL,SR0261S
SR0568SB,SR0577SB,SR0569SB,WRS_SR0683S,SR0269SDL,SR0261S
SR0569SB,SR0577SB,SR0568SB,WRS_SR0683S,SR0269SDL,SR0261S
SR0576SB,SR0567SB,SR0569SB,WRS_SR0683S,SR0568SB,SR0262S
SR0577SB,SR0567SB,SR0569SB,WRS_SR0683S,SR0568SB,SR0262S
SR0587SB,SR0566S,SR0588SB,SR0610S,SR0629S,SR0630S
SR0588SB,SR0566S,SR0587SB,SR0610S,SR0629S,SR0630S
SR0589SB,SR0590SB,SR0683S,SR0716SD,WRS_SR0683S,SR0343S
SR0590SB,SR0716SD,SR0683S,SR0589SB,SR0413S,SR0343S
SR0591SB,SR0164S,SR0177SL,SR0210S,SR0212S,SR0402S
SR0592SB,SR0357S,SR0415S,SR0427S,SR0557S,SR0558S
SR0593SB,SR0559S,SR0560S,SR0561S,SR0562S,SR0563S
SR0594S,SR0595SB,SR0596SB,SR0623S,SR0629S,SR0696S
SR0595SB,SR0564S,SR0565S,SR0592SB,SR0593SB,SR0596SB
SR0596SB,SR0608S,SR0623S,SR0625S,SR0627S,SR0632S
SR0608S,SR0643S,SR0645S,SR0696S,SR0717SD,SR0720SD
SR0610S,SR0588SB,SR0587SB,SR0566S,SR0629S,SR0630S
SR0623S,SR0723SD,SR0724SD,SR0725SD,SR0727SRD,SR0728SD
SR0625S,SR0729SED,SR0730SD,SR0737SD,SR0104S,SR0107S
SR0627S,SR0110S,SR0111S,SR0112S,SR0120S_N,SR0125S
SR0629S,SR0630S,SR0610S,SR0588SB,SR0587SB,SR0566S
SR0630S,SR0566S,SR0587SB,SR0588SB,SR0610S,SR0629S
SR0632S,SR0126S,SR0133S,SR0146S_N,SR0148S,SR0150S
SR0643S,SR0151S,SR0153S,SR0154S,SR0156S,SR0160S
SR0645S,SR0169S,SR0170S,SR0173S,SR0177S,SR0188SG
SR0683S,SR0716SD,WRS_SR0683S,SR0590SB,SR0589SB,SR0217S
SR0696S,SR0189S,SR0190S,SR0205S,SR0216S,SR0218S_N
SR0716SD,WRS_SR0683S,SR0683S,SR0590SB,SR0589SB,SR0343S
SR0717SD,SR0223S,SR0226S,SR0226SD,SR0231S,SR0260SD
SR0718SD,SR0719SD,SR0770SDS,SR0771SDS,SR0436S,SR0242S
SR0719SD,SR0152S_N,SR0242S,SR0718SD,SR0770SDS,SR0771SDS
SR0720SD,SR0263S,SR0266S,SR0267S,SR0317S,SR0331SH
SR0723SD,SR0350S,SR0351S,SR0357S,SR0415S,SR0427S
SR0724SD,SR0557S,SR0558S,SR0559S,SR0560S,SR0561S
SR0725SD,SR0562S,SR0563S,SR0564S,SR0565S,SR0592SB
SR0726S,SR0591SB,SR0808S,SR0809SD,SR0809SPS,WRG_SR0699S
SR0727SRD,SR0593SB,SR0595SB,SR0596SB,SR0608S,SR0623S
SR0728SD,SR0625S,SR0627S,SR0632S,SR0643S,SR0645S
SR0729SED,SR0696S,SR0717SD,SR0720SD,SR0723SD,SR0724SD
SR0730SD,SR0725SD,SR0727SRD,SR0728SD,SR0729SED,SR0737SD
SR0737SD,SR0730SD,SR0729SED,SR0728SD,SR0727SRD,SR0725SD
SR0748S,SR0763S,SR0190SL,SR0591SB,SR0190S,SR0592SB
SR0749S,SR0750S,SR0751S,SR0764S,SR0765S,SR0766S
SR0750S,SR0749S,SR0751S,SR0764S,SR0765S,SR0766S
SR0751S,SR0749S,SR0750S,SR0764S,SR0765S,SR0766S
SR0754S,SR0767S,WRSD_SR0350S,SR0107S,SR0151S,SR0152S_N
SR0763S,SR0748S,SR0190SL,SR0591SB,SR0593SB,SR0592SB
SR0764S,SR0749S,SR0750S,SR0751S,SR0765S,SR0766S
SR0765S,SR0749S,SR0750S,SR0751S,SR0764S,SR0766S
SR0766S,SR0749S,SR0750S,SR0751S,SR0764S,SR0765S
SR0767S,SR0754S,WRSD_SR0350S,SR0153S,SR0169S,SR0170S
SR0770SDS,SR0771SDS,SR0719SD,SR0718SD,SR0152S_N,SR0242S
SR0771SDS,SR0152S_N,SR0242S,SR0770SDS,SR0719SD,SR0718SD
SR0808S,WRGD_SR0699SD,SR0102S,SR0115SYS,SR0121SD,SR0155S
SR0809SD,SR0163S,SR0164S,SR0177SL,SR0210S,SR0212S
SR0809SPS,SR0402S,SR0591SB,SR0726S,SR0808S,SR0809SD
SR0810SD,SR0808S,SR0809SD,SR0809SPS,SR0415S,
WRS_SR0218SH,SR0567SB,SR0569SB,WRS_SR0683S,WRSD_SR0350S,SR0262S
WRS_SR0683S,WRSD_SR0683S,SR0716SD,SR0683S,SR0590SB,SR0589SB
WRSD_SR0350S,SR0754S,SR0767S,SR0218S_N,SR0242S,SR0350S
WRSD_SR0683S,WRS_SR0683S,SR0716SD,SR0683S,SR0590SB,SR0589SB
SR0101S,SR0101SD,SR0118SD,SR0182S,SR0200S,SR0402S
SR0101SD,SR0182S,WRG_SR0700S,WRGD_SR0700SD,SR0101S,SR0118SD
SR0116S,SR0431SB,SR0431SDB,WRG_SR0671S,WRG_SR0673S,WRG_SR0675S
SR0118SD,SR0101S,SR0101SD,SR0121SD,SR0182S,SR0200S
SR0121SD,SR0402S,SR0591SB,SR0726S,SR0808S,SR0809SD
SR0182S,SR0101SD,WRG_SR0700S,WRGD_SR0700SD,SR0101S,SR0121SD
SR0200S,WRG_SR0407S,WRG_SR0670S,WRG_SR0672S,WRG_SR0674S,WRG_SR0697S
SR0317S,SR0260SD,SR0263S,SR0266S,SR0267S,SR0331SH
SR0402S,SR0102S,SR0115SYS,SR0121SD,SR0155S,SR0163S
SR0431SB,WRG_SR0703S,WRGD_SR0673SD,WRGD_SR0675SD,WRGD_SR0703SD,SR0116S
SR0431SDB,SR0431SB,WRG_SR0671S,WRG_SR0673S,WRG_SR0675S,WRG_SR0703S
WREG_SR0404S,WRG_SR0407S,WRG_SR0674S,WRG_SR0702S,WRGD_SR0407SD,WRGD_SR0674SD
WRG_SR0407S,WRG_SR0698S,WRG_SR0702S,WRG_SR0704S,WRGD_SR0407SD,WRGD_SR0670SD
WRG_SR0670S,WRGD_SR0672SD,WRGD_SR0674SD,WRGD_SR0698SD,WRGD_SR0702SD,WRGD_SR0704SD
WRG_SR0671S,WRGD_SR0673SD,WRGD_SR0675SD,WRGD_SR0703SD,SR0116S,SR0431SB
WRG_SR0672S,SR0200S,WRG_SR0407S,WRG_SR0670S,WRG_SR0674S,WRG_SR0697S
WRG_SR0673S,SR0431SDB,WRG_SR0671S,WRG_SR0675S,WRG_SR0703S,WRGD_SR0673SD
WRG_SR0674S,WRG_SR0698S,WRG_SR0702S,WRG_SR0704S,WRGD_SR0407SD,WRGD_SR0670SD
WRG_SR0675S,WRGD_SR0675SD,WRGD_SR0703SD,SR0116S,SR0431SB,SR0431SDB
WRG_SR0697S,WRGD_SR0672SD,WRGD_SR0674SD,WRGD_SR0698SD,WRGD_SR0702SD,WRGD_SR0704SD
WRG_SR0698S,SR0200S,WRG_SR0407S,WRG_SR0670S,WRG_SR0672S,WRG_SR0674S
WRG_SR0699S,SR0809SPS,WRGD_SR0699SD,SR0102S,SR0115SYS,SR0121SD
WRG_SR0700S,SR0101SD,SR0182S,WRGD_SR0700SD,SR0101S,SR0402S
WRG_SR0702S,WRG_SR0697S,WRG_SR0698S,WRG_SR0704S,WRGD_SR0407SD,WRGD_SR0670SD
WRG_SR0703S,WRG_SR0671S,WRG_SR0673S,WRG_SR0675S,WRGD_SR0673SD,WRGD_SR0675SD
WRG_SR0704S,WRGD_SR0672SD,WRGD_SR0674SD,WRGD_SR0698SD,WRGD_SR0702SD,WRGD_SR0704SD
WRGD_SR0407SD,SR0200S,WRG_SR0407S,WRG_SR0670S,WRG_SR0672S,WRG_SR0674S
WRGD_SR0670SD,WRG_SR0697S,WRG_SR0698S,WRG_SR0702S,WRG_SR0704S,WRGD_SR0407SD
WRGD_SR0672SD,WRGD_SR0670SD,WRGD_SR0674SD,WRGD_SR0698SD,WRGD_SR0702SD,WRGD_SR0704SD
WRGD_SR0673SD,WRGD_SR0703SD,SR0116S,SR0431SB,SR0431SDB,WRG_SR0671S
WRGD_SR0674SD,SR0200S,WRG_SR0407S,WRG_SR0670S,WRG_SR0672S,WRG_SR0674S
WRGD_SR0675SD,WRG_SR0673S,WRG_SR0675S,WRG_SR0703S,WRGD_SR0673SD,WRGD_SR0703SD
WRGD_SR0698SD,WRG_SR0697S,WRG_SR0698S,WRG_SR0702S,WRG_SR0704S,WRGD_SR0407SD
WRGD_SR0699SD,SR0155S,SR0163S,SR0164S,SR0210S,SR0212S
WRGD_SR0700SD,SR0101SD,SR0182S,WRG_SR0700S,SR0101S,SR0749S
WRGD_SR0702SD,WRGD_SR0670SD,WRGD_SR0672SD,WRGD_SR0674SD,WRGD_SR0698SD,WRGD_SR0704SD
WRGD_SR0703SD,WRGD_SR0675SD,WRGD_SR0673SD,WRG_SR0703S,WRG_SR0671S,SR0431SDB
WRGD_SR0704SD,WRGD_SR0702SD,WRGD_SR0673SD,WRGD_SR0674SD,WRGD_SR0672SD,WRGD_SR0670SD
SP0565D,SPW0560,SPY0560,SPR0560,,
SD_SE0135D,SE0957D,SE0941D,SE0944D,SE0954D,SE0945D
SD_SE0187D,SE0933D,SE0931D,SE0922D,SE0932D,SE0927D
SD_SP0101D,SP0664D,SP0614D,SP0362D,SP0363D,SP0159D
SD_SP0103D,SD_SP0102D,SP0645D,SD_SP0105D,SP0628D,SD_SP0123D
SD_SP0105D,SD_SP0159D,SD_SP0182D,SP0645D,SD_SP0103D,SD_SP0101D
SD_SP0108D,SP0619BLD,SP0621BLD,SP0600BLD,SP0595BLD,SP0601BLD
SD_SP0115D,SD_SP0176D,SD_SP0133D,SP0609D,,
SD_SP0123D,SD_SP0103D,SP0628D,SP0645D,,
SD_SP0133D,SD_SP0176D,SD_SP0115D,SD_SP0180D, SP0609D,
SD_SP0148D,SP0594BLD,SP0601BLD,SP0621BLD,SP0611BLD,SP0623BLD
SD_SP0180D,SD_SP0176D,SD_SP0115D,SD_SP0133D, SP0609D,
SD_SP0182D,SD_SP0105D,SD_SP0103D,SD_SP0159D,SP0645D,
SD_SP0202D,SD_SP0176D,SD_SP0115D,SD_SP0133D,SP0611D,
SE0170D,SE0167D,SE0978D,SE0169D,,
SE0322D,SE0924BKD,SE0932BKD,SE0927BKD,SE0936BKD,SE0938BKD
SP0362D,SP0361D,SP0360D,SP0363D,SP0565D,SD_SP0101D
SD_SP0176D,SD_SP0202D,SD_SP0115D,SD_SP0133D,SP0611D,
SE0169D,SE0170D,SE0167D,SE0978D,,
SP0360D,SP0361D,SP0362D,SP0363D,SP0565D,SD_SP0101D
SD_SE0141D,SD_SE0223D,,,,
SD_SE0201D,SE0924BLD,SE0932BLD,SE0936BLD,SE0927BLD,SE0938BLD
SD_SP0107D,SP0610BKD,SP0596BKD,SP0597BKD,SP0610BLD,
SD_SP0102D,SD_SP0103D,SP0645D,SD_SP0105D,SP0628D,SD_SP0123D
SD_SP0159D,SD_SP0105D,SD_SP0182D,SP0645D,SD_SP0103D,SD_SP0101D
SD_SE0223D,SD_SE0141D,,,,
SE0167D,SE0170D,SE0169D,SE0978D,,
SP0361D,SP0360D,SP0362D,SP0363D,SP0565D,SD_SP0101D
SP0363D,SP0360D,SP0362D,SP0361D,SP0565D,SD_SP0101D
SE0922BKD,SE0940BKD,SE0949BKD,SE0931BKD,,
SE0924BKD,SE0929BKD,SE0930BKD,SE0322D,SE0934BKD,
SE0925BKD,SE0942BKD,SE0955BKD,SE0956BKD,SE0954BKD,SE0941BKD
SE0927BKD,SE0932BKD,SE0930BKD,SE0938BKD,SE0939BKD,
SE0929BKD,SE0924BKD,SE0930BKD,SE0322D,SE0934BKD,
SE0930BKD,SE0946BKD,SE0924BKD,SE0929BKD,SE0927BKD,
SE0931BKD,SE0933BKD,SE0922BKD,SE0949BKD,SE0927BKD,
SE0932BKD,SE0927BKD,SE0930BKD,SE0938BKD,SE0939BKD,
SE0933BKD,SE0931BKD,SE0949BKD,SE0922BKD,SE0927BKD,
SE0934BKD,SE0935BKD,SE0936BKD,SE0939BKD,SE0937BKD,SE0938BKD
SE0935BKD,SE0934BKD,SE0936BKD,SE0939BKD,SE0937BKD,SE0938BKD
SE0936BKD,SE0938BKD,SE0935BKD,SE0939BKD,SE0934BKD,SE0937BKD
SE0937BKD,SE0942BKD,SE0941BKD,SE0944BKD,SE0957BKD,SE0945BKD
SE0938BKD,SE0936BKD,SE0935BKD,SE0939BKD,SE0934BKD,SE0937BKD
SE0939BKD,SE0935BKD,SE0938BKD,SE0934BKD,SE0936BKD,SE0937BKD
SE0940BKD,SE0922BKD,SE0949BKD,SE0931BKD,,
SE0941BKD,SD_SE0974BKDD,SE0956BKD,SE0944BKD,SE0957BKD,SE0942BKD
SE0942BKD,SE0925BKD,SD_SE0972BKDD,SE0941BKD,SE0944BKD,SE0957BKD
SE0944BKD,SE0957BKD,SE0954BKD,SE0941BKD,SD_SE0974BKDD,
SE0945BKD,SD_SE0974BKDD,SE0956BKD,SE0941BKD,SE0955BKD,SE0944BKD
SE0946BKD,SE0930BKD,SE0949BKD,SE0948BKD,SE0925BKD,
SE0947BKD,SE0948BKD,SE0945BKD,SE0956BKD,,
SE0948BKD,SE0956BKD,SE0945BKD,SE0947BKD,,
SE0949BKD,SE0931BKD,SE0922BKD,SE0940BKD,SE0933BKD,
SE0954BKD,SE0955BKD,SE0941BKD,SE0944BKD,SE0957BKD,SE0956BKD
SE0955BKD,SE0954BKD,SE0941BKD,SE0944BKD,SE0957BKD,SE0956BKD
SE0956BKD,SE0941BKD,SE0955BKD,SE0945BKD,SE0947BKD,SE0948BKD
SE0957BKD,SE0944BKD,SE0937BKD,SE0941BKD,SE0955BKD,SE0954BKD
SE0922BLD,SE0940BLD,SE0949BLD,SE0931BLD,,
SE0924BLD,SE0929BLD,SE0930BLD,SE0934BLD,,
SE0925BLD,SE0955BLD,SE0956BLD,SE0954BLD,SE0941BLD,SE0942BLD
SE0927BLD,SE0932BLD,SE0930BLD,SE0938BLD,SE0939BLD,SD_SE0201D
SE0929BLD,SE0924BLD,SE0930BLD,SE0934BLD,SD_SE0201D,
SE0930BLD,SE0946BLD,SE0924BLD,SE0927BLD,SE0929BLD,SD_SE0201D
SE0931BLD,SE0933BLD,SE0949BLD,SE0922BLD,SE0927BLD,
SE0932BLD,SE0927BLD,SE0930BLD,SE0938BLD,SE0939BLD,SD_SE0201D
SE0933BLD,SE0931BLD,SE0949BLD,SE0922BLD,SE0927BLD,SD_SE0201D
SE0934BLD,SE0935BLD,SE0936BLD,SE0939BLD,SE0938BLD,SE0937BLD
SE0935BLD,SE0934BLD,SE0936BLD,SE0939BLD,SE0938BLD,SE0937BLD
SE0936BLD,SE0938BLD,SE0935BLD,SE0939BLD,SE0934BLD,SE0937BLD
SE0937BLD,SE0942BLD,SE0941BLD,SE0944BLD,SE0957BLD,SE0945BLD
SE0938BLD,SE0936BLD,SE0935BLD,SE0939BLD,SE0934BLD,SE0937BLD
SE0939BLD,SE0935BLD,SE0938BLD,SE0934BLD,SE0936BLD,SE0937BLD
SE0940BLD,SE0922BLD,SE0949BLD,SE0931BLD,,
SE0941BLD,SD_SE0974BLDD,SE0944BLD,SE0957BLD,SE0942BLD,SE0956BLD
SE0942BLD,SE0925BLD,SD_SE0972BLDD,SE0941BLD,SE0944BLD,SE0957BLD
SE0944BLD,SE0957BLD,SE0941BLD,SD_SE0974BLDD,SE0954BLD,
SE0945BLD,SD_SE0974BLDD,SE0956BLD,SE0941BLD,SE0955BLD,SE0944BLD
SE0946BLD,SE0930BLD,SE0949BLD,SE0948BLD,SE0925BLD,
SE0947BLD,SE0948BLD,SE0945BLD,SE0956BLD,,
SE0948BLD,SE0956BLD,SE0945BLD,SE0947BLD,,
SE0949BLD,SE0931BLD,SE0922BLD,SE0933BLD,SE0940BLD,
SE0954BLD,SE0955BLD,SE0941BLD,SE0944BLD,SE0957BLD,SE0956BLD
SE0955BLD,SE0954BLD,SE0941BLD,SE0944BLD,SE0957BLD,SE0956BLD
SE0956BLD,SE0947BLD,SE0941BLD,SE0955BLD,SE0948BLD,SE0945BLD
SE0957BLD,SE0954BLD,SE0944BLD,SE0937BLD,SE0941BLD,SE0955BLD
SE0922D,SE0940D,SE0931D,SE0933D,,
SE0924D,SE0929D,SE0976D,SE0934D,,
SE0925D,SE0937D,SE0955D,SE0956D,SE0954D,SE0941D
SE0927D,SE0932D,SE0976D,SE0938D,SE0939D,
SE0929D,SE0924D,SE0976D,SE0934D,,
SE0931D,SE0933D,SE0940D,SE0922D,SE0927D,
SE0932D,SE0927D,SE0976D,SE0938D,SE0939D,
SE0933D,SE0931D,SE0940D,SE0922D,SE0927D,
SE0934D,SE0935D,SE0936D,SE0939D,SE0937D,SE0938D
SE0935D,SE0934D,SE0936D,SE0939D,SE0937D,SE0938D
SE0936D,SE0938D,SE0935D,SE0939D,SE0934D,SE0937D
SE0937D,SE0925D,SE0941D,SE0944D,SE0957D,SE0945D
SE0938D,SE0936D,SE0935D,SE0939D,SE0934D,SE0937D
SE0939D,SE0935D,SE0938D,SE0934D,SE0936D,SE0937D
SE0940D,SE0922D,SE0931D,SE0927D,,
SE0941D,SE0945D,SE0956D,SE0944D,SE0957D,SE0937D
SE0944D,SE0957D,SE0954D,SE0941D,SE0945D,
SE0945D,SE0957D,SE0956D,SE0941D,SE0955D,SE0944D
SE0954D,SE0955D,SE0941D,SE0944D,SE0957D,SE0956D
SE0955D,SE0954D,SE0941D,SE0944D,SE0957D,SE0956D
SE0956D,SE0944D,SE0941D,SE0955D,SE0945D,SE0954D
SE0957D,SE0954D,SE0944D,SE0937D,SE0941D,SE0955D
SP0590BKD,SP0614BKD,SP0615BKD,SP0592BKD,SP0617BKD,SP0596BKD
SP0591BKD,SP0593BKD,SP0618BKD,SP0623BKD,SP0599BKD,
SP0592BKD,SP0614BKD,SP0615BKD,SP0590BKD,SP0617BKD,SP0596BKD
SP0593BKD,SP0591BKD,SP0618BKD,SP0623BKD,SP0599BKD,
SP0594BKD,SP0611BKD,SP0621BKD,SP0601BKD,SP0595BKD,
SP0595BKD,SP0611BKD,SP0621BKD,SP0601BKD,SP0594BKD,
SP0596BKD,SP0597BKD,SP0598BKD,SP0599BKD,,
SP0597BKD,SP0596BKD,SP0598BKD,SP0599BKD,,
SP0598BKD,SP0599BKD,SP0597BKD,SP0596BKD,,
SP0599BKD,SP0597BKD,SP0596BKD,SP0598BKD,,
SP0600BKD,SP0601BKD,SP0619BKD,SP0611BKD,SP0621BKD,SP0595BKD
SP0601BKD,SP0600BKD,SP0619BKD,SP0611BKD,SP0621BKD,SP0595BKD
SP0609BKD,SP0609D,SD_SP0115D,SD_SP0133D,,
SP0610BKD,SD_SP0661BKDD,SP0610D,SD_SP0107D,,
SP0611BKD,SP0621BKD,SP0595BKD,SP0594BKD,SP0601BKD,
SP0614BKD,SP0590BKD,SP0615BKD,SP0592BKD,SP0617BKD,SP0596BKD
SP0615BKD,SP0590BKD,SP0614BKD,SP0592BKD,SP0617BKD,SP0596BKD
SP0617BKD,SP0618BKD,SP0614BKD,SP0590BKD,SP0615BKD,SP0592BKD
SP0618BKD,SP0617BKD,SP0591BKD,SP0593BKD,SP0623BKD,
SP0619BKD,SP0621BKD,SP0600BKD,SP0611BKD,SP0594BKD,SP0595BKD
SP0621BKD,SP0619BKD,SP0600BKD,SP0611BKD,SP0594BKD,SP0595BKD
SP0623BKD,SP0624BKD,SP0601BKD,SP0591BKD,SP0618BKD,SP0593BKD
SP0624BKD,SP0623BKD,SP0600BKD,SP0615BKD,SP0590BKD,SP0592BKD
SP0628BKD,SP0628D,SD_SP0102D,SP0645D,SD_SP0103D,
SP0591BLD,SP0593BLD,SP0618BLD,SP0623BLD,SP0599BLD,
SP0593BLD,SP0591BLD,SP0618BLD,SP0623BLD,SP0599BLD,
SP0594BLD,SP0611BLD,SP0621BLD,SP0601BLD,SP0595BLD,
SP0595BLD,SP0611BLD,SP0621BLD,SP0601BLD,SP0594BLD,
SP0596BLD,SP0597BLD,SP0598BLD,SP0599BLD,,
SP0597BLD,SP0596BLD,SP0598BLD,SP0599BLD,,
SP0598BLD,SP0599BLD,SP0597BLD,SP0596BLD,,
SP0599BLD,SP0597BLD,SP0596BLD,SP0598BLD,,
SP0600BLD,SP0601BLD,SP0619BLD,SP0611BLD,SP0621BLD,SP0595BLD
SP0601BLD,SP0600BLD,SP0619BLD,SP0611BLD,SP0621BLD,SP0595BLD
SP0609BLD,SP0609D,SD_SP0115D,SD_SP0133D,,
SP0611BLD,SP0621BLD,SP0595BLD,SP0594BLD,SP0601BLD,
SP0618BLD,SP0617BLD,SP0591BLD,SP0593BLD,SP0623BLD,
SP0619BLD,SP0621BLD,SP0600BLD,SP0611BLD,SP0594BLD,SP0595BLD
SP0621BLD,SP0619BLD,SP0600BLD,SP0611BLD,SP0594BLD,SP0595BLD
SP0623BLD,SP0624BLD,SP0601BLD,SP0591BLD,SP0618BLD,SP0593BLD
SP0624BLD,SP0623BLD,SP0600BLD,SP0615BLD,SP0590BLD,SP0592BLD
SP0628BLD,SP0628D,SD_SP0102D,SP0645D,SD_SP0103D,
SP0590BLD,SP0614BLD,SP0615BLD,SP0592BLD,SP0617BLD,SP0596BLD
SP0592BLD,SP0614BLD,SP0615BLD,SP0590BLD,SP0617BLD,SP0596BLD
SP0610BLD,SD_SP0661BLDD,SP0610D,SD_SP0107D,,
SP0614BLD,SP0590BLD,SP0615BLD,SP0592BLD,SP0617BLD,SP0596BLD
SP0615BLD,SP0590BLD,SP0614BLD,SP0592BLD,SP0617BLD,SP0596BLD
SP0617BLD,SP0618BLD,SP0614BLD,SP0590BLD,SP0615BLD,SP0592BLD
SP0591D,SP0593D,SP0618D,SP0623D,SP0599D,
SP0593D,SP0591D,SP0618D,SP0623D,SP0599D,
SP0594D,SP0611D,SP0621D,SP0601D,SP0595D,
SP0595D,SP0611D,SP0621D,SP0601D,SP0594D,
SP0596D,SP0597D,SP0598D,SP0599D,,
SP0597D,SP0596D,SP0598D,SP0599D,,
SP0598D,SP0599D,SP0597D,SP0596D,,
SP0599D,SP0597D,SP0596D,SP0598D,,
SP0600D,SP0601D,SP0619D,SP0611D,SP0621D,SP0595D
SP0601D,SP0600D,SP0619D,SP0611D,SP0621D,SP0595D
SP0609D,SD_SP0115D,SD_SP0133D,,,
SP0611D,SP0621D,SP0595D,SP0594D,SP0601D,
SP0618D,SP0617D,SP0591D,SP0593D,SP0623D,
SP0623D,SP0624D,SP0601D,SP0591D,SP0618D,SP0593D
SP0624D,SP0623D,SP0600D,SP0615D,SP0590D,SP0592D
SP0628D,SD_SP0102D,SP0645D,SD_SP0103D,,
SP0590D,SP0614D,SP0615D,SP0592D,SP0617D,SP0596D
SP0592D,SP0614D,SP0615D,SP0590D,SP0617D,SP0596D
SP0610D,SD_SP0661BKDD,SD_SP0107D,,,
SP0614D,SP0590D,SP0615D,SP0592D,SP0617D,SP0596D
SP0615D,SP0590D,SP0614D,SP0592D,SP0617D,SP0596D
SP0617D,SP0618D,SP0614D,SP0590D,SP0615D,SP0592D
SP0619D,SP0621D,SP0600D,SP0611D,SP0594D,SP0595D
SP0621D,SP0619D,SP0600D,SP0611D,SP0594D,SP0595D
SD_SE0972BKDD,SD_SE0974BKDD,SE0945BKD,SE0942BKD,SE0941BKD,SE0955BKD
SD_SE0972BLDD,SD_SE0974BLDD,SE0945BLD,SE0942BLD,SE0941BLD,SE0955BLD
SD_SE0974BKDD,SD_SE0972BKDD,SE0945BKD,SE0942BKD,SE0941BKD,SE0955BKD
SD_SE0974BLDD,SD_SE0972BLDD,SE0945BLD,SE0942BLD,SE0941BLD,SE0955BLD
SD_SE0975BKDD,SD_SE0975BLDD,SE0934BKD,SE0925BKD,SE0947BKD,SD_SE0972BKDD
SD_SE0975BLDD,SD_SE0975BKDD,SE0934BLD,SE0925BLD,SE0947BLD,SD_SE0972BLDD
SD_SP0661BKDD,SD_SP0661BLDD,SD_SP0176D,SP0610BKD,,
SD_SP0661BLDD,SD_SP0661BKDD,SD_SP0202D,SP0610BLD,,
SP0645D,SD_SP0103D,SP0628D,SD_SP0102D,SD_SP0105D,SD_SP0182D
SP0159D,SP0614D,SP0615D,SP0592D,SP0662D,SP0590D
SP0662D,SP0590D,SP0617D,SP0592D,SP0615D,SP0614D
SP0664D,SP0617D,SP0594D,SP0618D,,
SE0976D,SE0977D,SE0978D,SE0932D,SE0927D,SE0924D
SE0977D,SE0976D,SE0978D,SE0932D,SE0927D,SE0924D
SE0978D,SE0976D,SE0977D,SE0932D,SE0927D,SE0924D
SD_SR0193D_N,SR0660BLD,SR0664BLD,SR0665BLD,SR0655BLDD,SR0678BLD
SR0586D,SR0647D,SR0650D,SR0648D,SR0646D,
SR0643D,SR0661D,SR0664D,SR0656D,SR0660D,SR0655D
SR0646D,SR0647D,SR0648D,SR0650D,SR0649D,SR0652D
SR0647D,SR0646D,SR0648D,SR0650D,SR0649D,SR0652D
SR0648D,SR0646D,SR0653D,SR0650D,SR0651D,SR0647D
SR0649D,SR0646D,SR0647D,SR0648D,SR0650D,SR0652D
SR0650D,SR0652D,SR0649D,SR0647D,SR0648D,SR0646D
SR0651D,SR0648D,SR0646D,SR0653D,SR0650D,SR0647D
SR0652D,SR0653D,SR0646D,SR0650D,SR0649D,SR0647D
SR0653D,SR0652D,SR0651D,SR0649D,SR0648D,SR0650D
SR0654D,SR0661D,SR0655D,SR0656D,SR0660D,SR0657D
SR0655D,SR0654D,SR0661D,SR0656D,SR0660D,SR0657D
SR0656D,SR0657D,SR0660D,SR0661D,SR0665D,SR0654D
SR0657D,SR0656D,SR0660D,SR0661D,SR0665D,SR0654D
SR0658D,SR0665D,SR0656D,SR0664D,SR0660D,
SR0659D,SR0659DR,SR0721D,SR0230DS,SR0740D,
SR0660D,SR0658D,SR0665D,SR0656D,SR0664D,
SR0661D,SR0656D,SR0654D,SR0657D,SR0665D,
SR0662D,SR0741D,SR0668D,SR0651D,SR0810D,
SR0663D,SR0740D,SR0721D,SR0666D,SR0722D,
SR0664D,SR0665D,SR0658D,SR0660D,SR0654D,
SR0665D,SR0664D,SR0658D,SR0660D,SR0654D,
SR0666D,SR0740D,SR0721D,SR0663D,SR0722D,
SR0667D,SR0668D,SR0662D,SR0741D,SR0653D,SR0810D
SR0668D,SR0667D,SR0810D,SR0741D,SR0650D,SR0662D
SR0721D,SR0740D,SR0722D,SR0663D,SR0666D,
SR0722D,SR0740D,SR0721D,SR0663D,SR0666D,
SR0740D,SR0721D,SR0663D,SR0666D,SR0722D,
SR0741D,SR0662D,SR0668D,SR0650D,SR0810D,SR0667D
SR0748D,SR0749D,SR0763D,SR0751D,SR0764D,SR0750D
SR0749D,SR0748D,SR0764D,SR0751D,SR0766D,SR0750D
SR0750D,SR0748D,SR0763D,SR0751D,SR0764D,SR0749D
SR0751D,SR0750D,SR0764D,SR0748D,SR0766D,SR0749D
SR0754D,SR0767D,SR0663D,SR0666D,SR0740D,
SR0763D,SR0764D,SR0748D,SR0766D,SR0749D,SR0765D
SR0764D,SR0763D,SR0749D,SR0766D,SR0750D,SR0765D
SR0765D,SR0763D,SR0748D,SR0766D,SR0751D,SR0764D
SR0766D,SR0763D,SR0749D,SR0765D,SR0748D,SR0764D
SR0767D,SR0754D,SR0663D,SR0666D,SR0740D,
SR0808D,SR0810D,WR_SR0610D,WR_SR0632D,,
SR0810D,SR0741D,SR0662D,SR0668D,SR0808D,
SR0155DE,SR0655D,SR0226DE,SR0660D,SR0658D,SR0155DPS
SR0155DPS,SR0655D,SR0160DPS,SR0660D,SR0658D,SR0155DS
SR0155DR,SR0655D,SR0226DR,SR0660D,SR0658D,SR0155DS
SR0155DS,SR0655D,SR0226DS,SR0660D,SR0658D,SR0155DR
SR0160DPS,SR0658D,SR0155DPS,SR0655D,SR0660D,SR0226DS
SR0226DE,SR0658D,SR0155DE,SR0655D,SR0660D,SR0160DPS
SR0226DR,SR0658D,SR0155DR,SR0655D,SR0660D,SR0226DS
SR0226DS,SR0658D,SR0155DS,SR0655D,SR0660D,SR0226DR
SR0230DS,SR0155DS,SR0659D,SR0226DS,SR0659DR,
SR0659DR,SR0155DR,SR0659D,SR0226DR,SR0721DR,
SR0721DPS,SR0722D,SR0722DS,SR0721D,SR0659DR,SR0721DS
SR0721DR,SR0722D,SR0722DS,SR0721D,SR0659DR,SR0721DS
SR0721DS,SR0722D,SR0722DR,SR0721D,SR0659DR,SR0721DR
SR0722DPS,SR0721D,SR0721DS,SR0722D,SR0659DR,SR0722DS
SR0722DR,SR0721D,SR0721DS,SR0722D,SR0659DR,SR0722DS
SR0722DS,SR0721D,SR0721DR,SR0722D,SR0659DR,SR0722DR
SD_SR0769BKDD,SR0678BKD,SR0655BKD,SR0658BKD,SR0654BKD,
SR0646BKD,SR0648BKD,SR0652BKD,SR0647BKD,SR0650BKD,SR0649BKD
SR0647BKD,SR0646BKD,SR0648BKD,SR0652BKD,SR0649BKD,SR0650BKD
SR0648BKD,SR0646BKD,SR0651BKD,SR0650BKD,SR0653BKD,SR0647BKD
SR0649BKD,SR0646BKD,SR0650BKD,SR0648BKD,SR0652BKD,SR0647BKD
SR0650BKD,SR0646BKD,SR0648BKD,SR0652BKD,SR0647BKD,SR0649BKD
SR0651BKD,SR0653BKD,SR0648BKD,SR0650BKD,SR0667BKD,
SR0652BKD,SR0653BKD,SR0646BKD,SR0679BKD,SR0651BKD,
SR0653BKD,SR0652BKD,SR0679BKD,SR0651BKD,SR0648BKD,
SR0654BKD,SR0658BKD,SR0655BKD,SD_SR0769BKDD,SR0657BKD,SR0664BKD
SR0655BKD,SR0658BKD,SR0654BKD,SD_SR0769BKDD,SR0657BKD,SR0664BKD
SR0656BKD,SR0661BKD,SR0660BKD,SR0657BKD,SR0678BKD,SR0665BKD
SR0657BKD,SR0661BKD,SR0660BKD,SR0656BKD,SR0678BKD,SR0665BKD
SR0658BKD,SR0665BKD,SR0664BKD,SR0678BKD,SR0655BKD,SR0660BKD
SR0659BKD,SR0654BKD,SR0678BKD,SR0658BKD,,
SR0660BKD,SR0658BKD,SR0665BKD,SR0664BKD,SR0678BKD,SR0655BKD
SR0661BKD,SR0657BKD,SR0660BKD,SR0655BKD,SR0656BKD,SR0665BKD
SR0662BKD,SR0651BKD,SR0679BKD,SR0667BKD,SR0648BKD,
SR0663BKD,SR0666BKD,SR0649BKD,SD_SR0768BKDD,,
SR0664BKD,SR0665BKD,SR0658BKD,SR0660BKD,SR0655BKD,SR0661BKD
SR0665BKD,SR0664BKD,SR0658BKD,SR0660BKD,SR0655BKD,SR0661BKD
SR0666BKD,SR0663BKD,SR0667BKD,SD_SR0768BKDD,,
SR0667BKD,SR0668BKD,SR0662BKD,SR0651BKD,SR0653BKD,SR0648BKD
SR0668BKD,SR0667BKD,SR0669BKD,SR0650BKD,SR0652BKD,SR0649BKD
SR0669BKD,SR0668BKD,SR0662BKD,SR0650BKD,SR0667BKD,
SR0676BKD,SR0680BKD,SR0679BKD,SR0681BKD,,
SR0677BKD,WRD_SR0120BKDD,WRD_SR0222BKDD,WRD_SR0263BKDD,WRD_SR0407BKDD,
SR0678BKD,SR0660BKD,SR0661BKD,SD_SR0769BKDD,SR0658BKD,SR0657BKD
SR0679BKD,SR0651BKD,SR0653BKD,SR0648BKD,SR0647BKD,SR0650BKD
SR0680BKD,SR0676BKD,SR0679BKD,SR0681BKD,SR0652BKD,
SR0681BKD,SR0676BKD,SR0680BKD,SR0679BKD,SR0677BKD,
SD_SR0769BLDD,SR0678BLD,SR0655BLD,SR0658BLD,SR0654BLD,SR0655BLDD
SR0646BLD,SR0648BLD,SR0652BLD,SR0647BLD,SR0650BLD,SR0649BLD
SR0647BLD,SR0646BLD,SR0648BLD,SR0652BLD,SR0649BLD,SR0650BLD
SR0648BLD,SR0646BLD,SR0651BLD,SR0650BLD,SR0653BLD,SR0647BLD
SR0649BLD,SR0646BLD,SR0650BLD,SR0648BLD,SR0652BLD,SR0647BLD
SR0650BLD,SR0646BLD,SR0648BLD,SR0652BLD,SR0647BLD,SR0649BLD
SR0651BLD,SR0653BLD,SR0648BLD,SR0650BLD,SR0667BLD,SR0649BLD
SR0652BLD,SR0653BLD,SR0646BLD,SR0679BLD,SR0651BLD,SR0649BLD
SR0653BLD,SR0652BLD,SR0679BLD,SR0651BLD,SR0648BLD,SR0667BLD
SR0654BLD,SR0658BLD,SR0655BLD,SD_SR0769BLDD,SR0657BLD,SR0664BLD
SR0655BLD,SR0658BLD,SR0654BLD,SD_SR0769BLDD,SR0657BLD,SR0664BLD
SR0655BLDD,SD_SR0193D_N,SR0658BLD,SR0660BLD,SR0655BLD,SR0661BLD
SR0656BLD,SR0661BLD,SR0660BLD,SR0657BLD,SR0678BLD,SR0665BLD
SR0657BLD,SR0661BLD,SR0660BLD,SR0656BLD,SR0678BLD,SR0665BLD
SR0658BLD,SR0665BLD,SR0664BLD,SR0678BLD,SR0655BLD,SR0660BLD
SR0659BLD,SR0654BLD,SR0678BLD,SR0658BLD,SR0663BLD,SR0666BLD
SR0660BLD,SR0658BLD,SR0665BLD,SR0664BLD,SR0678BLD,SR0655BLD
SR0661BLD,SR0657BLD,SR0660BLD,SR0655BLD,SR0656BLD,SR0665BLD
SR0662BLD,SR0651BLD,SR0679BLD,SR0667BLD,SR0648BLD,SR0669BLD
SR0663BLD,SR0666BLD,SR0649BLD,SD_SR0768BLDD,SR0668BLD,
SR0664BLD,SR0665BLD,SR0658BLD,SR0660BLD,SR0655BLD,SR0661BLD
SR0665BLD,SR0664BLD,SR0658BLD,SR0660BLD,SR0655BLD,SR0661BLD
SR0666BLD,SR0663BLD,SR0667BLD,SD_SR0768BLDD,SR0662BLD,
SR0667BLD,SR0668BLD,SR0662BLD,SR0651BLD,SR0653BLD,SR0648BLD
SR0668BLD,SR0667BLD,SR0669BLD,SR0650BLD,SR0652BLD,SR0649BLD
SR0669BLD,SR0668BLD,SR0662BLD,SR0650BLD,SR0667BLD,
SR0676BLD,SR0680BLD,SR0679BLD,SR0681BLD,,
SR0677BLD,WRD_SR0120BLDD,WRD_SR0222BLDD,WRD_SR0263BLDD,WRD_SR0407BLDD,
SR0678BLD,SR0660BLD,SR0661BLD,SD_SR0769BLDD,SR0658BLD,SR0657BLD
SR0679BLD,SR0651BLD,SR0653BLD,SR0648BLD,SR0647BLD,SR0650BLD
SR0680BLD,SR0676BLD,SR0679BLD,SR0681BLD,SR0652BLD,
SR0681BLD,SR0676BLD,SR0680BLD,SR0679BLD,SR0677BLD,
SD_SR0113,WRD_SR0674D,WR_SR0608D,WRD_SR0600D,WRD_SR0871D,WR_SR0623D
SR0670BKD,SR0671BKD,WRD_SR0120BKDD,SR0674BKD,WRD_SR0672BKDD,
SR0670BLD,WRD_SR0670BLDD,SR0671BLD,WRD_SR0120BLDD,WRD_SR0672BLDD,
SR0671BKD,SR0670BKD,WRD_SR0120BKDD,SR0674BKD,WRD_SR0673BKDD,
SR0671BLD,SR0670BLD,WRD_SR0670BLDD,SR0674BLD,WRD_SR0120BLDD,WRD_SR0673BLDD
SR0672BKD,SR0673BKD,WRD_SR0672BKDD,WRD_SR0222BKDD,WRD_SR0673BKDD,WRD_SR0407BKDD
SR0672BLD,SR0673BLD,WRD_SR0672BLDD,WRD_SR0222BLDD,WRD_SR0673BLDD,WRD_SR0407BLDD
SR0673BKD,SR0672BKD,WRD_SR0672BKDD,SR0675BKD,WRD_SR0673BKDD,WRD_SR0263BKDD
SR0673BLD,SR0672BLD,WRD_SR0672BLDD,SR0675BLD,WRD_SR0673BLDD,WRD_SR0263BLDD
SR0674BKD,WRD_SR0674BKDD,WRD_SR0120BKDD,SR0670BKD,WRD_SR0673BKDD,
SR0674BLD,WRD_SR0674BLDD,WRD_SR0120BLDD,SR0670BLD,WRD_SR0673BLDD,
SR0675BKD,SR0673BKD,WRD_SR0672BKDD,WRD_SR0407BKDD,SR0672BKD,WRD_SR0673BKDD
SR0675BLD,SR0673BLD,WRD_SR0672BLDD,WRD_SR0407BLDD,SR0672BLD,WRD_SR0673BLDD
SR0744D,WRD_SR0673D,WRED_SR0872D,SR0747D,WRED_SR0873D,WRED_SR0793D
SR0745D,WRD_SR0673D,WRED_SR0872D,SR0747D,WRED_SR0873D,WRED_SR0864D
SR0746D,WRD_SR0673D,WRED_SR0872D,SR0747D,WRED_SR0873D,WRED_SR0793D
SR0747D,WRD_SR0673D,WRED_SR0872D,SR0746D,WRED_SR0873D,WRED_SR0864D
WR_SR0608D,WRD_SR0866D,WR_SR0610D,WRD_SR0120D,WRED_SR0841D,WRD_SR0556D
WR_SR0610D,WR_SR0632D,WR_SR0629D,WRED_SR0872D,WRED_SR0803D,WR_SR0627D
WR_SR0623D,WR_SR0625D,WR_SR0629D,WR_SR0630D,WR_SR0610D,WRED_SR0802D
WR_SR0625D,WR_SR0623D,WR_SR0629D,WR_SR0630D,WR_SR0610D,WRED_SR0802D
WR_SR0627D,WRED_SR0872D,WRED_SR0802D,WR_SR0610D,WRED_SR0803D,WRED_SR0873D
WR_SR0629D,WR_SR0630D,SR0747D,WR_SR0632D,WR_SR0625D,WR_SR0627D
WR_SR0630D,WR_SR0629D,SR0747D,WR_SR0632D,WR_SR0625D,WR_SR0627D
WR_SR0632D,WR_SR0630D,WRD_SR0866D,WRD_SR0717D,WR_SR0627D,WRD_SR0407D
WRD_SR0120BKDD,WRD_SR0222BKDD,WRD_SR0672BKDD,WRD_SR0263BKDD,WRD_SR0407BKDD,
WRD_SR0120BLDD,WRD_SR0222BLDD,WRD_SR0672BLDD,WRD_SR0263BLDD,WRD_SR0407BLDD,
WRD_SR0120D,WRD_SR0717D,WRD_SR0740D,WRD_SR0263D,WRD_SR0722D,WRD_SR0222D
WRD_SR0220D,WRD_SR0867D,WRD_SR0717D,WRD_SR0752D,WRD_SR0829D,
WRD_SR0222BKDD,WRD_SR0672BKDD,WRD_SR0120BKDD,WRD_SR0263BKDD,WRD_SR0407BKDD,
WRD_SR0222BLDD,WRD_SR0672BLDD,WRD_SR0120BLDD,WRD_SR0263BLDD,WRD_SR0407BLDD,
WRD_SR0222D,WRD_SR0120D,WRD_SR0717D,WRD_SR0740D,WRD_SR0263D,WRD_SR0722D
WRD_SR0263BKDD,WRD_SR0672BKDD,WRD_SR0222BKDD,WRD_SR0120BKDD,WRD_SR0407BKDD,
WRD_SR0263BLDD,WRD_SR0672BLDD,WRD_SR0222BLDD,WRD_SR0120BLDD,WRD_SR0407BLDD,
WRD_SR0263D,WRD_SR0222D,WRD_SR0120D,WRD_SR0717D,WRD_SR0740D,WRD_SR0722D
WRD_SR0407BKDD,WRD_SR0263BKDD,WRD_SR0120BKDD,WRD_SR0222BKDD,WRD_SR0672BKDD,
WRD_SR0407BLDD,WRD_SR0263BLDD,WRD_SR0120BLDD,WRD_SR0222BLDD,WRD_SR0672BLDD,
WRD_SR0407D,WRD_SR0829D,WRD_SR0675D,WRED_SR0872D,WRED_SR0793D,WRD_SR0672D
WRD_SR0556D,WRD_SR0674D,WRD_SR0871D,WRD_SR0670D,WRD_SR0839D,WRD_SR0671D
WRD_SR0581D,WRD_SR0556D,WRD_SR0674D,WRD_SR0871D,WRD_SR0670D,WRD_SR0839D
WRD_SR0582D,WRD_SR0581D,WRD_SR0674D,WRD_SR0871D,WRD_SR0670D,WRD_SR0839D
WRD_SR0600D,WRD_SR0674D,WRD_SR0871D,WRD_SR0670D,WRD_SR0839D,WRD_SR0671D
WRD_SR0670BLDD,SR0674BLD,SR0671BLD,WRD_SR0120BLDD,SR0670BLD,
WRD_SR0670D,WRD_SR0556D,WRD_SR0674D,WRD_SR0871D,WRD_SR0839D,WRD_SR0671D
WRD_SR0671D,WRD_SR0703D,WR_SR0625D,WRED_SR0804D,WR_SR0623D,WRED_SR0864D
WRD_SR0672BKDD,WRD_SR0673BKDD,SR0672BKD,WRD_SR0263BKDD,SR0675BKD,WRD_SR0407BKDD
WRD_SR0672BLDD,WRD_SR0673BLDD,SR0672BLD,WRD_SR0263BLDD,SR0675BLD,WRD_SR0407BLDD
WRD_SR0672D,WRD_SR0702D,WRD_SR0673D,WRD_SR0797D,WRD_SR0865D,WRD_SR0407D
WRD_SR0673BKDD,WRD_SR0672BKDD,SR0672BKD,WRD_SR0263BKDD,SR0675BKD,WRD_SR0407BKDD
WRD_SR0673BLDD,WRD_SR0672BLDD,SR0672BLD,WRD_SR0263BLDD,SR0675BLD,WRD_SR0407BLDD
WRD_SR0673D,SR0747D,WRD_SR0675D,WR_SR0629D,WRED_SR0872D,WRED_SR0803D
WRD_SR0674BKDD,SR0670BKD,WRD_SR0673BKDD,SR0674BKD,WRD_SR0120BKDD,
WRD_SR0674D,WRD_SR0556D,WRD_SR0600D,WRD_SR0871D,WRD_SR0839D,WR_SR0608D
WRD_SR0675BLDD,SR0675BLD,WRD_SR0672BLDD,SR0673BLD,WRD_SR0407BLDD,WRD_SR0673BLDD
WRD_SR0675D,WRD_SR0673D,WRED_SR0802D,SR0744D,WRED_SR0873D,SR0745D
WRD_SR0697BLD,WRD_SR0699BLDD,WRD_SR0698BLD,WRD_SR0700BLDD,WRD_SR0699BLD,WRD_SR0698BLDD
WRD_SR0697D,WRMD_SR0915D,WRM_SR0304D,WRMED_SR0859D,WRMD_SR0774D,WRD_SR0699D
WRD_SR0698BLD,WRD_SR0698BLDD,WRD_SR0699BLDD,WRD_SR0697BLD,WRD_SR0700BLDD,WRD_SR0699BLD
WRD_SR0698BLDD,WRD_SR0698BLD,WRD_SR0699BLDD,WRD_SR0697BLD,WRD_SR0700BLDD,WRD_SR0699BLD
WRD_SR0698D,WRMED_SR0859D,WRMED_SR0787D,WRMED_SR0785D,WRMED_SR0827D,WRD_SR0699D
WRD_SR0699BLD,WRD_SR0699BLDD,WRD_SR0698BLD,WRD_SR0700BLDD,WRD_SR0698BLDD,WRD_SR0697BLD
WRD_SR0699BLDD,WRD_SR0699BLD,WRD_SR0698BLD,WRD_SR0700BLDD,WRD_SR0698BLDD,WRD_SR0697BLD
WRD_SR0699D,WRMED_SR0859D,WRD_SR0698D,WRMD_SR0807D,WRMED_SR0861D,WRMED_SR0827D
WRD_SR0700BLD,WRD_SR0700BLDD,WRD_SR0699BLD,WRD_SR0698BLDD,WRD_SR0699BLDD,WRD_SR0698BLD
WRD_SR0700BLDD,WRD_SR0700BLD,WRD_SR0699BLD,WRD_SR0698BLDD,WRD_SR0699BLDD,WRD_SR0698BLD
WRD_SR0700D,WRMD_SR0805D,WRMD_SR0788D,WRMD_SR0857D,WRMD_SR0806D,WRD_SR0698D
WRD_SR0702D,WRD_SR0870D,WRD_SR0833D,WRD_SR0674D,WRD_SR0672D,
WRD_SR0703D,WRD_SR0674D,WRD_SR0702D,WRD_SR0675D,WRD_SR0870D,
WRD_SR0704D,WRD_SR0870D,WRD_SR0868D,WR_SR0917,WRD_SR0843D,WRD_SR0220D
WRD_SR0717D,WRD_SR0722D,WRD_SR0263D,WRD_SR0120D,WRD_SR0740D,WR_SR0917
WRD_SR0722D,WRD_SR0263D,WRD_SR0120D,WRD_SR0717D,WRD_SR0740D,WR_SR0917
WRD_SR0740D,WRD_SR0722D,WRD_SR0263D,WRD_SR0120D,WRD_SR0717D,WR_SR0917
WRD_SR0741D,WRD_SR0740D,WRD_SR0722D,WRD_SR0263D,WRD_SR0120D,WRD_SR0717D
WRD_SR0752D,WRD_SR0717D,WRD_SR0867D,WRD_SR0220D,WRD_SR0839D,WRED_SR0841D
WRD_SR0797D,WRED_SR0873D,WRED_SR0872D,WRED_SR0803D,WR_SR0610D,WR_SR0627D
WRD_SR0829D,WRD_SR0407D,WRD_SR0717D,WRD_SR0867D,WRED_SR0793D,
WRD_SR0833D,WRD_SR0870D,WRD_SR0868D,WRD_SR0702D,WRD_SR0672D,
WRD_SR0839D,WRD_SR0840D,WRED_SR0841D,WRD_SR0871D,WR_SR0623D,WRD_SR0582D
WRD_SR0840D,WRD_SR0871D,WRD_SR0670D,WRD_SR0839D,WRD_SR0582D,WRD_SR0600D
WRD_SR0843D,WRD_SR0717D,WRD_SR0797D,WRD_SR0704D,WRD_SR0263D,WR_SR0627D
WRD_SR0865D,WRD_SR0672D,WRD_SR0702D,WRD_SR0833D,WR_SR0627D,WR_SR0632D
WRD_SR0866D,WRD_SR0222D,WRD_SR0722D,WRD_SR0120D,WRD_SR0740D,WRD_SR0263D
WRD_SR0867D,WRD_SR0220D,WRD_SR0717D,WRD_SR0263D,WRD_SR0829D,WRD_SR0752D
WRD_SR0868D,WRD_SR0870D,WRD_SR0704D,WRD_SR0702D,WRD_SR0833D,WRD_SR0797D
WRD_SR0870D,WRD_SR0868D,WRD_SR0704D,WRD_SR0702D,WRD_SR0833D,WRD_SR0797D
WRD_SR0871D,WRD_SR0840D,WRD_SR0670D,WRD_SR0839D,WRD_SR0582D,WRD_SR0600D
WRED_SR0793D,WRED_SR0872D,WRED_SR0873D,WRED_SR0804D,WR_SR0610D,WRED_SR0803D
WRED_SR0802D,WRED_SR0803D,WRED_SR0793D,WRED_SR0872D,WR_SR0610D,WRED_SR0873D
WRED_SR0803D,WRED_SR0802D,WRED_SR0793D,WRED_SR0872D,WR_SR0610D,WRED_SR0873D
WRED_SR0804D,WRED_SR0872D,WRED_SR0873D,WRED_SR0793D,WR_SR0610D,WRED_SR0803D
WRED_SR0841D,WRD_SR0671D,WR_SR0623D,WRD_SR0703D,WR_SR0625D,SR0744D
WRED_SR0864D,WRD_SR0673D,WRED_SR0872D,SR0747D,SR0745D,WRD_SR0675D
WRED_SR0872D,WRED_SR0873D,WRED_SR0803D,SR0747D,WRED_SR0793D,WRED_SR0804D
WRED_SR0873D,WRED_SR0872D,WRED_SR0803D,WRD_SR0797D,WRED_SR0793D,WRED_SR0804D
WRM_SR0300D,WRMD_SR0806D,WRMD_SR0788D,WRMD_SR0805D,,
WRM_SR0301D,WRMD_SR0774D,WRMD_SR0915D,WRM_SR0304D,WRD_SR0697D,
WRM_SR0304D,WRMD_SR0774D,WRMD_SR0915D,WRM_SR0301D,WRD_SR0697D,
WRMD_SR0774D,WRM_SR0304D,WRMD_SR0915D,WRM_SR0301D,WRD_SR0697D,
WRMD_SR0788D,WRMD_SR0857D,WRMD_SR0805D,WRD_SR0700D,WRMD_SR0806D,
WRMD_SR0798D,WRMD_SR0799D,WRMED_SR0785D,WRM_SR0791,,
WRMD_SR0799D,WRMD_SR0798D,WRMED_SR0785D,WRM_SR0791,,
WRMD_SR0805D,WRMD_SR0857D,WRMD_SR0788D,WRD_SR0700D,WRMD_SR0807D,
WRMD_SR0806D,WRMD_SR0807D,WRD_SR0699D,WRM_SR0300D,WRMD_SR0805D,
WRMD_SR0807D,WRMD_SR0806D,WRD_SR0699D,WRM_SR0300D,WRMD_SR0805D,
WRMD_SR0857D,WRMD_SR0805D,WRD_SR0700D,WRMD_SR0788D,,
WRMD_SR0915D,WRMD_SR0774D,WRM_SR0304D,WRM_SR0301D,WRD_SR0697D,
WRMED_SR0785D,WRM_SR0791,WRMED_SR0787D,WRMD_SR0798D,WRMED_SR0827D,WRD_SR0698D
WRMED_SR0786D,WRM_SR0789,WRMED_SR0861D,WRM_SR0298,WRMED_SR0787D,
WRMED_SR0787D,WRMED_SR0785D,WRM_SR0889,WRMED_SR0827D,WRM_SR0936,WRD_SR0698D
WRMED_SR0827D,WRMED_SR0787D,WRM_SR0826,WRMED_SR0785D,WRM_SR0954,
WRMED_SR0831D,WRMED_SR0916DBKD,WRMED_SR0827D,WRMED_SR0785D,WRMED_SR0861D,
WRMED_SR0844D,WRM_SR0889,WRM_SR0914,WRM_SR0903,WRM_SR0775,WRM_SR0834
WRMED_SR0859D,WRMED_SR0861D,WRD_SR0699D,WRMD_SR0807D,WRM_SR0304D,
WRMED_SR0861D,WRD_SR0699D,WRMD_SR0807D,WRMED_SR0786D,WRD_SR0698D,
WRMED_SR0916DBKD,WRMED_SR0831D,WRMED_SR0786D,WRMED_SR0787D,WRMED_SR0827D,WRMED_SR0785D
SD_SE0224E,SE0145E,SE0964ED,,,
SE0102E,SE0105E,SE0125E,SE0130E,SE0133E,
SE0105E,SE0102E,SE0125E,SE0130E,SE0133E,
SE0112E,SE0118E,SE0139E,SE0964ED,,
SE0118E,SE0112E,SE0139E,,,
SE0125E,SE0102E,SE0105E,SE0130E,SE0133E,
SE0127E,SE0770E,SE0136E,SE0102E,SE0105E,SE0125E
SE0129E,SE0920E,SE0966ED,SE0145E,,
SE0130E,SE0102E,SE0105E,SE0125E,SE0133E,
SE0133E,SE0102E,SE0105E,SE0125E,SE0130E,
SE0136E,SE0227E,SE0902E,SE0964ED,SE0965ED,SE0127E
SE0139E,SE0112E,SE0118E,SE0964ED,,
SE0145E,SD_SE0224E,SE0255EB,SE0964ED,SE0129E,SE0920E
SE0149EL,SE0112E,SE0118E,SE0139E,SE0150EL,SE0262EL
SE0150EL,SE0112E,SE0118E,SE0139E,SE0149EL,SE0262EL
SE0227E,SE0136E,SE0902E,SE0964ED,SE0965ED,SE0127E
SE0255EB,SD_SE0224E,SE0145E,SE0964ED,SE0105E,SE0125E
SE0262EL,SE0112E,SE0118E,SE0139E,,
SE0325EL,SE0102E,SE0105E,SE0125E,SE0130E,SE0133E
SE0770E,SE0127E,SE0136E,SE0325EL,SE0133E,SE0130E
SE0902E,SE0136E,SE0227E,SE0964ED,SE0965ED,SE0127E
SE0920E,SE0129E,SE0966ED,SE0145E,,
SE0964ED,SE0136E,SE0227E,SE0902E,SE0965ED,SE0770E
SE0965ED,SE0136E,SE0227E,SE0902E,SE0964ED,SE0770E
SE0966ED,SE0129E,SE0920E,,,
SP0102E,SP0648ED,SP0519E,SP0583E,SP0108E,SP0580EB
SP0103E,SP0140E,SP0185E,SP0185ED,SP0165E,
SP0108E,SP0155E,SP0159E,SP0169E,SP0583E,SP0152E
SP0119E,SP0140E,SP0143E,SP0144E,SP0152E,SP0165E
SP0120ED,SP0129E,,,,
SP0129E,SP0120ED,,,,
SP0136E,SP0580EB,SP0646ED,SP0570EB,SP0643ED,SP0573EB
SP0140E,SP0165E,SP0103E,SP0185E,SP0185ED,SP0556EB
SP0140EL,SP0165E,SP0103E,SP0185E,SP0185ED,SP0556EB
SP0143E,SP0144E,SP0152E,SP0150E,SP0155E,SP0169E
SP0144E,SP0143E,SP0150E,SP0152E,SP0169E,
SP0150E,SP0144E,SP0152E,SP0143E,SP0155E,SP0169E
SP0152E,SP0144E,SP0150E,SP0143E,SP0169E,
SP0155E,SP0108E,SP0159E,SP0169E,SP0583E,
SP0159E,SP0108E,SP0155E,SP0169E,SP0583E,
SP0159EL,SP0108E,SP0155E,SP0169E,SP0583E,
SP0160E,SP0559EB,SP0568EB,SP0644ED,SP0642ED,SP0143E
SP0161E,SP0102E,SP0160E,SP0642ED,SP0644ED,SP0143E
SP0165E,SP0140E,SP0103E,SP0185E,SP0185ED,SP0556EB
SP0169E,SP0583E,SP0108E,SP0155E,SP0159E,
SP0185E,SP0185ED,SP0556EB,SP0140E,SP0103E,SP0165E
SP0185ED,SP0185E,SP0556EB,SP0140E,SP0103E,SP0165E
SP0519E,SP0143E,SP0155E,SP0159E,SP0169E,SP0150E
SP0553EB,SP0108E,SP0519E,SP0155E,SP0159E,SP0169E
SP0556EB,SP0165E,SP0185ED,SP0140E,SP0103E,SP0185E
SP0557EB,SP0573EB,SP0581E,SP0582E,SP0642ED,SP0643ED
SP0559EB,SP0644ED,SP0645E,SP0646ED,SP0664E,SP0566E
SP0561EB,SP0643ED,SP0646ED,SP0664E,SP0553EB,SP0566E
SP0566E,SP0664E,SP0559EB,SP0561EB,SP0646ED,SP0643ED
SP0567EB,SP0568EB,SP0573EB,SP0581E,SP0582E,SP0642ED
SP0568EB,SP0559EB,SP0644ED,SP0567EB,SP0642ED,SP0664E
SP0570EB,SP0566E,SP0150E,SP0646ED,SP0185ED,SP0519E
SP0572EB,SP0144E,SP0152E,SP0165E,SP0119E,SP0140E
SP0573EB,SP0553EB,SP0556EB,SP0557EB,SP0559EB,SP0561EB
SP0580EB,SP0136E,SP0646ED,SP0570EB,SP0566E,SP0643ED
SP0581E,SP0566E,SP0567EB,SP0568EB,SP0570EB,SP0573EB
SP0582E,SP0581E,SP0642ED,SP0643ED,SP0644ED,SP0645E
SP0583E,SP0169E,SP0108E,SP0155E,SP0159E,
SP0642ED,SP0567EB,SP0559EB,SP0568EB,SP0581E,SP0644ED
SP0643ED,SP0580EB,SP0136E,SP0646ED,SP0570EB,SP0566E
SP0644ED,SP0559EB,SP0568EB,SP0566E,SP0567EB,SP0642ED
SP0645E,SP0556EB,SP0185E,SP0165E,SP0185ED,SP0140E
SP0646ED,SP0580EB,SP0136E,SP0643ED,SP0570EB,SP0566E
SP0648ED,SP0583E,SP0519E,SP0108E,SP0169E,SP0644ED
SP0664E,SP0580EB,SP0136E,SP0646ED,SP0570EB,SP0643ED
SR0107E,SR0170E,SR0112E,SR0716ED,SR0343EH,SR0721ED
SR0110E,SR0146E_N,SR0148E,SR0163E,SR0225E,SR0158E
SR0112E,SR0211E,SR0212E,SR0213E,SR0215E,SR0226E
SR0115EWS_N,SR0164E,SR0176EG,SR0591EB,,
SR0126E,SR0211E,SR0212E,SR0213E,SR0215E,SR0217E
SR0133E,SR0263E,SR0266E,SR0267E,SR0226E,SR0213E
SR0133EPSD,SR0266E,SR0240E,SR0263E,SR0226E,SR0267E
SR0230E,SR0351E,SR0226E,SR0212E,SR0240E,SR0211E
SR0202E,SR0133E,SR0155ESD,SR0160E,SR0211E,SR0240E
SR0211E,SR0213E,SR0212E,SR0133E,SR0215E,SR0217E
SR0212E,SR0211E,SR0213E,SR0215E,SR0226E,SR0217E
SR0213E,SR0211E,SR0240E,SR0263E,SR0266E,SR0267E
SR0215E,SR0217E,SR0347E,SR0213E,SR0211E,SR0240E
SR0217E,SR0240E,SR0213E,SR0215E,SR0211E,SR0266E
SR0226E,SR0226ED,SR0213E,SR0160E,SR0211E,SR0266E
SR0226ED,SR0226E,SR0213E,SR0160E,SR0211E,SR0266E
SR0240E,SR0217E,SR0213E,SR0215E,SR0211E,SR0266E
SR0263E,SR0267E,SR0226E,SR0213E,SR0226ED,SR0211E
SR0266E,SR0267E,SR0226ED,SR0213E,SR0226E,SR0211E
SR0267E,SR0266E,SR0226ED,SR0213E,SR0226E,SR0211E
SR0347E,SR0226ED,SR0213E,SR0226E,SR0211E,SR0263E
SR0730ED,SR0133EPSD,SR0351E,SR0212E,SR0230E,SR0213E
SR0351E,SR0230E,SR0212E,SR0213E,SR0226E,
SR0146E_N,SR0225E,SR0158E,SR0737ED,SR0725ED,SR0590EB
SR0148E,SR0110E,SR0355E,SR0737ED,SR0725ED,SR0590EB
SR0151E,SR0169E,SR0218E_N,SR0228E,SR0593EB,SR0350E
SR0155ESD,SR0133E,SR0263E,SR0266E,SR0267E,SR0226E
SR0158E,SR0737ED,SR0725ED,SR0590EB,SR0148E,SR0110E
SR0160E,SR0226E,SR0155ESD,SR0133E,SR0263E,SR0267E
SR0163E,SR0595EB,SR0589EB,SR0164E,SR0112E,
SR0595EB,SR0163E,SR0589EB,SR0164E,SR0112E,
SR0589EB,SR0163E,SR0595EB,SR0164E,SR0112E,
SR0164E,SR0589EB,SR0163E,SR0595EB,SR0112E,
SR0169E,SR0151E,SR0720ED,SR0717ED,SR0350E,SR0218E_N
SR0175E,SR0158E,SR0160E,SR0163E,SR0169E,SR0170E
SR0176EG,SR0115EWS_N,SR0164E,SR0808E,SR0591EB,SR0809ED
SR0218E_N,SR0169E,SR0151E,SR0720ED,SR0717ED,SR0350E
SR0219E,SR0565E,SR0146E_N,SR0590EB,SR0592EB,SR0593EB
SR0590EB,SR0737ED,SR0219E,SR0158E,SR0725ED,SR0225E
SR0225E,SR0725ED,SR0737ED,SR0219E,SR0158E,SR0590EB
SR0228E,SR0169E,SR0151E,SR0720ED,SR0717ED,SR0350E
SR0592EB,SR0355E,SR0725ED,SR0110E,SR0737ED,SR0148E
SR0593EB,SR0350E,SR0720ED,SR0717ED,SR0228E,SR0151E
SR0170E,SR0716ED,SR0721ED,SR0357E,SR0107E,SR0723ED
SR0343EH,SR0716ED,SR0721ED,SR0357E,SR0107E,SR0723ED
SR0716ED,SR0343EH,SR0721ED,SR0357E,SR0107E,SR0723ED
SR0350E,SR0720ED,SR0228E,SR0645E,SR0596EB,SR0717ED
SR0596EB,SR0720ED,SR0228E,SR0645E,SR0717ED,SR0350E
SR0645E,SR0350E,SR0720ED,SR0228E,SR0596EB,SR0717ED
SR0720ED,SR0350E,SR0218E_N,SR0228E,SR0645E,SR0717ED
SR0717ED,SR0218E_N,SR0720ED,SR0350E,SR0645E,SR0228E
WRSD_SR0350E,SR0350E,SR0107E,SR0170E,SR0645E,SR0577EB
SR0721ED,SR0723ED,SR0716ED,SR0107E,SR0170E,SR0343EH
SR0723ED,SR0716ED,SR0107E,SR0170E,SR0343EH,SR0721ED
SR0355E,SR0592EB,SR0110E,SR0146E_N,SR0225E,SR0148E
SR0357E,SR0716ED,SR0107E,SR0723ED,SR0721ED,SR0170E
SR0557E,SR0561E,SR0560E,SR0562E,SR0559E,SR0564E
SR0558E,SR0561E,SR0557E,SR0562E,SR0564E,SR0563E
SR0559E,SR0560E,SR0557E,SR0562E,SR0561E,SR0563E
SR0560E,SR0559E,SR0557E,SR0562E,SR0561E,SR0563E
SR0561E,SR0558E,SR0557E,SR0562E,SR0564E,SR0563E
SR0562E,SR0564E,SR0557E,SR0561E,SR0563E,SR0558E
SR0563E,SR0560E,SR0559E,SR0557E,SR0561E,SR0564E
SR0564E,SR0562E,SR0557E,SR0559E,SR0561E,SR0563E
SR0565E,SR0560E,SR0561E,SR0562E,SR0563E,SR0564E
SR0567EB,SR0568EB,SR0576EB,SR0577EB,WRS_SR0683E,SR0719ED
SR0568EB,SR0567EB,SR0576EB,SR0577EB,WRS_SR0683E,SR0719ED
SR0576EB,SR0567EB,SR0568EB,SR0577EB,WRS_SR0683E,SR0719ED
SR0577EB,SR0567EB,SR0568EB,SR0576EB,WRS_SR0683E,SR0719ED
SR0591EB,SR0115EWS_N,SR0164E,SR0808E,SR0809ED,
SR0683E,WRS_SR0683E,SR0218E_N,WRSD_SR0683E,SR0717ED,SR0719ED
SR0696E,SR0126E,SR0725ED,SR0225E,SR0110E,SR0748E
SR0719ED,SR0683E,WRS_SR0683E,SR0218E_N,WRSD_SR0683E,SR0717ED
SR0725ED,SR0225E,SR0110E,SR0748E,SR0126E,SR0751E
SR0737ED,SR0158E,SR0725ED,SR0146E_N,SR0148E,SR0748E
SR0748E,SR0763E,SR0355E,SR0225E,SR0592EB,SR0766E
SR0751E,SR0766E,SR0748E,SR0592EB,SR0225E,SR0763E
SR0763E,SR0748E,SR0355E,SR0766E,SR0592EB,SR0225E
SR0766E,SR0751E,SR0748E,SR0763E,SR0355E,SR0225E
SR0770EDE,SR0683E,SR0719ED,SR0720ED,SR0593EB,SR0218E_N
SR0415EB,SR0808E,SR0810ED,SR0809ED,SR0567EB,
SR0808E,SR0809ED,SR0415EB,SR0810ED,SR0567EB,
SR0809ED,SR0808E,SR0415EB,SR0810ED,SR0567EB,
SR0810ED,SR0415EB,SR0808E,SR0567EB,SR0809ED,
WRS_SR0683E,WRSD_SR0683E,SR0683E,SR0576EB,SR0577EB,WRSD_SR0350E
WRSD_SR0683E,SR0683E,WRS_SR0683E,SR0576EB,SR0577EB,WRSD_SR0350E
SR0111EL,SR0132EL,SR0149EL,SR0163EL,SR0205EL,SR0206EL
SR0132EL,SR0218EL,SR0241EL,SR0242EL_N,SR0358EL,SR0425EL
SR0149EL,SRY0218EL,SR0111EL,SR0132EL,SR0163EL,SR0205EL
SR0152EL,WRSD_SR0350E,SRY0218EL,SR0358EL,SR0218EL,SR0242EL_N
SR0163EL,SR0206EL,SR0218EL,SR0241EL,SR0242EL_N,SR0358EL
SR0205EL,SR0425EL,SRY0212EL,SRY0218EL,SR0111EL,SR0132EL
SR0218EL,SR0242EL_N,SR0358EL,SR0425EL,SRY0212EL,SRY0218EL
SR0241EL,SR0111EL,SR0132EL,SR0149EL,SR0163EL,SR0205EL
SR0242EL_N,SR0206EL,SR0218EL,SR0241EL,SR0358EL,SR0425EL
SR0358EL,SRY0212EL,SRY0218EL,SR0111EL,SR0132EL,SR0149EL
SR0425EL,SR0163EL,SR0205EL,SR0206EL,SR0218EL,SR0241EL
SRY0212EL,SR0242EL_N,SR0358EL,SR0425EL,SRY0218EL,SR0111EL
SRY0218EL,SR0132EL,SR0149EL,SR0163EL,SR0205EL,SR0206EL
SR0206EL,SR0149EL,SR0163EL,SR0205EL,SR0218EL,SR0241EL
SE0125R,SE0130R,SE0136R,SE0127R,SE0770R,SE0105R
SE0102R,SE0130R,SE0136R,SE0127R,SE0770R,SE0105R
SE0105R,SE0130R,SE0136R,SE0127R,SE0770R,SE0125R
SE0262R,SE0920R,SE0112R,SE0101R,SE0966RD,SE0121R
SE0920R,SE0966RD,SE0965RD,SE0112R,SE0964RD,SE0101R
SE0770R,SE0127R,SE0126R,SE0102R,SE0136R,SE0105R
SE0130R,SE0133R,SE0139R,SE0241R,,
SE0127R,SE0770R,SE0126R,SE0102R,SE0136R,SE0105R
SE0121R,SE0770R,SE0126R,SE0102R,SE0136R,SE0105R
SE0133R,SE0130R,SE0139R,SE0241R,,
SE0112R,SE0920R,SE0262R,SE0101R,SE0966RD,SE0121R
SE0964RD,SE0139R,SE0966RD,SE0101R,SE0920R,SE0965RD
SE0902R,SE0151R,,,,
SE0101R,SE0966RD,SE0965RD,SE0112R,SE0964RD,SE0920R
SE0140R,SE0260RB,SE0126R,SE0136R,SE0130R,SE0121R
SE0126R,SE0770R,SE0260RB,SE0102R,SE0136R,SE0105R
SE0966RD,SE0101R,SE0965RD,SE0112R,SE0964RD,SE0920R
SE0151R,SE0902R,,,,
SE0136R,SE0770R,SE0126R,SE0102R,SE0140R,SE0105R
SE0139R,SE0964RD,SE0966RD,SE0101R,SE0920R,SE0965RD
SE0260RB,SE0131R,SE0140R,SE0136R,SE0130R,SE0121R
SE0965RD,SE0139R,SE0964RD,SE0966RD,SE0101R,SE0920R
SE0241R,SE0130R,SE0139R,SE0133R,,
SE0131R,SE0260RB,SE0140R,SE0136R,SE0130R,SE0121R
SP0148R_N,SP0149R_N,SP0458R,SPY0102R,SP0644RD,SP0567R
SP0155R,SP0169R,SP0583R,SP0519R,SP0108R,SP0566R
SP0152R,SP0159R,SP0161R,SP0108R,SP0169R,SP0566R
SP0159R,SP0152R,SP0108R,SP0161R,SP0169R,SP0566R
SP0161R,SP0159R,SP0152R,SP0108R,SP0169R,SP0566R
SP0169R,SP0108R,SP0155R,SP0583R,SP0519R,SP0566R
SP0519R,SP0169R,SP0108R,SP0155R,SP0583R,SP0566R
SP0566R,SP0519R,SP0169R,SP0108R,SP0155R,SP0583R
SP0583R,SP0648RD,SP0119R,SP0450R,SPY0124R,SP0557RB
SP0648RD,SP0583R,SP0119R,SP0450R,SPY0124R,SP0557RB
SPY0124R,SP0119R,SP0648RD,SP0583R,SP0450R,SP0557RB
SP0557RB,SP0450R,SPY0124R,SP0119R,SP0648RD,SP0583R
SP0119R,SPY0124R,SP0648RD,SP0583R,SP0450R,SP0557RB
SP0450R,SPY0124R,SP0119R,SP0648RD,SP0583R,SP0557RB
SP0165R,SP0186R,SP0556RB,SP0105R,SD_SP0171R,SP0557RB
SP0186R,SP0165R,SP0556RB,SP0105R,SD_SP0171R,SP0557RB
SP0103R,SP0186R,SP0165R,SP0556RB,SP0105R,SD_SP0171R
SD_SP0171R,SP0186R,SP0165R,SP0556RB,SP0105R,SP0103R
SP0556RB,SD_SP0171R,SP0186R,SP0165R,SP0105R,SP0103R
SP0105R,SP0556RB,SD_SP0171R,SP0186R,SP0165R,SP0103R
SP0645R,SP0186R,SP0165R,SP0556RB,SP0105R,SD_SP0171R
SP0108R,SP0155R,SP0169R,SP0583R,SP0519R,SP0566R
SP0144R,SP0184R,SP0150R,SP0553R,SP0108R,SP0566R
SP0184R,SP0150R,SP0144R,SP0553R,SP0108R,SP0566R
SP0150R,SP0184R,SP0144R,SP0553R,SP0108R,SP0566R
SP0553R,SP0184R,SP0150R,SP0144R,SP0108R,SP0566R
SPY0102R,SP0148R_N,SP0149R_N,SP0458R,SP0644RD,SP0567R
SP0120R,SP0120RD,SP0470RB,SP0561RB,,
SP0120RD,SP0120R,SP0470RB,SP0561RB,,
SP0470RB,SP0120R,SP0120RD,SP0561RB,,
SP0130R_N,SP0113RD,SP0137R_N,SP0139RD,SPY0138R,
SP0113RD,SP0130R_N_N,SP0137R_N,SP0139RD,SPY0138R,
SP0137R_N,SP0139RD,SPY0138R,SP0130R_N,SP0113RD,
SP0139RD,SP0137R_N,SPY0138R,SP0130R_N,SP0113RD,
SPY0138R,SP0139RD,SP0137R_N,SP0130R_N,SP0113RD,
SP0188R_N,SP0567R,SP0458R,SPY0102R,SP0148R_N,SP0149R_N
SP0458R,SPY0102R,SP0148R_N,SP0149R_N,SP0644RD,SP0567R
SP0567R,SP0458R,SPY0102R,SP0148R_N,SP0149R_N,SP0644RD
SP0568R,SP0567R,SP0458R,SPY0102R,SP0148R_N,SP0149R_N
SP0571R,SP0567R,SP0458R,SPY0102R,SP0148R_N,SP0149R_N
SP0572R,SP0644RD,SP0164R,SP0188R_N,SP0559R,
SP0164R,SP0572R,SP0644RD,SP0162R,SP0188R_N,SP0559R
SP0162R,SP0644RD,SP0164R,SP0642RD,SP0571R,SP0458R
SP0644RD,SP0162R,SP0164R,SP0642RD,SP0571R,SP0458R
SP0642RD,SP0458R,SP0567R,SP0644RD,SP0162R,
SP0573RB,SP0646RD,SP0570R,SP0643RD,SP0559R,SP0561RB
SP0570R,SP0643RD,SP0664R,SP0559R,SP0573RB,SP0561RB
SP0561RB,SP0570R,SP0643RD,SP0559R,SP0573RB,SP0646RD
SP0646RD,SP0664R,SP0559R,SP0561RB,SP0573RB,SP0570R
SP0643RD,SP0570R,SP0559R,SP0664R,SP0561RB,SP0646RD
SP0664R,SP0646RD,SP0559R,SP0643RD,SP0573RB,SP0570R
SP0559R,SP0646RD,SP0664R,SP0643RD,SP0573RB,SP0570R
SP0581R,SP0582R,SP0573RB,SP0642RD,SP0571R,SP0568R
SP0582R,SP0581R,SP0573RB,SP0642RD,SP0571R,SP0568R
SP0141R_N,SP0108R,SP0144R,SP0184R,SP0150R,SP0553R
SP0149R_N,SP0567R,SP0458R,SPY0102R,SP0148R_N,SP0644RD
SP0110RL,SP0448RL,SPY0168RL,SP0581RL,SP0582RL,
SP0448RL,SP0110RL,SPY0168RL,SP0581RL,SP0582RL,
SP0581RL,SP0582RL,SPY0168RL,SP0110RL,SP0448RL,
SP0582RL,SP0581RL,SPY0168RL,SP0110RL,SP0448RL,
SPY0168RL,SP0110RL,SP0448RL,SP0581RL,SP0582RL,
SR0151R,SR0103R,SR0767R,SR0720RD,SR0169R,SR0150R
SR0103R,SR0151R,SR0150R,SR0767R,SR0720RD,SR0169R
SR0169R,SR0103R,SR0151R,SR0150R,SR0767R,SR0720RD
SR0150R,SR0717RD,SR0955R,SR0152R_N,SR0754R,SR0593R
SR0593RB,SR0150R,SR0717RD,SR0955R,SR0152R_N,SR0754R
SR0354R,SR0170R,SR0721RD,SR0716RD,SR0723RD,SR0107R
SR0170R,SR0354R,SR0721RD,SR0716RD,SR0723RD,SR0107R
SR0107R,SR0170R,SR0354R,SR0721RD,SR0716RD,SR0723RD
SR0350R,SR0593RB,SR0150R,SR0717RD,SR0955R,SR0152R_N
WRSD_SR0350R,SR0350R,SR0107R,SR0720RD,SR0717RD,SR0955R
SR0152R_N,SR0350R,SR0593RB,SR0150R,SR0717RD,SR0955R
SR0645R,SR0107R,SR0720RD,SR0350R,SR0593RB,SR0152R_N
SR0567RB,SR0587RB,SR0175R,SR0645R,SR0730RD,SR0112R
SR0716RD,SR0107R,SR0170R,SR0354R,SR0721RD,SR0723RD
SR0587RB,SR0175R,SR0645R,SR0723RD,SR0112R,SR0164R
SR0112R,SR0587RB,SR0175R,SR0645R,SR0723RD,SR0164R
SR0420RB,SR0716RD,SR0107R,SR0354R,SR0170R,SR0723RD
SR0164R,SR0112R,SR0587RB,SR0175R,SR0645R,SR0723RD
SR0175R,SR0164R,SR0112R,SR0587RB,SR0645R,SR0723RD
SR0723RD,SR0175R,SR0164R,SR0112R,SR0587RB,SR0645R
SR0717RD,SR0150R,SR0350R,SR0593RB,SR0152R_N,SR0955R
SR0242R,SR0719RD,SR0770RDR,SR0717RD,SR0730RD,WRSD_SR0350R
SR0730RD,SR0717RD,SR0645R,SR0770RDR,SR0242R,WRSD_SR0350R
SR0568RB,SR0576RB,SR0577RB,SR0719RD,SR0770RDR,SR0242R
SR0576RB,SR0577RB,SR0719RD,SR0770RDR,SR0568RB,SR0242R
SR0577RB,SR0576RB,SR0719RD,SR0770RDR,SR0568RB,SR0242R
SR0719RD,SR0770RDR,SR0577RB,SR0576RB,SR0568RB,SR0242R
SR0720RD,SR0151R,SR0150R,SR0767R,SR0103R,SR0169R
SR0770RDR,SR0719RD,SR0577RB,SR0576RB,SR0568RB,SR0242R
SR0721RD,SR0170R,SR0107R,SR0354R,SR0716RD,SR0723RD
SR0218R_N,SR0955R,SR0152R_N,SR0717RD,SR0593RB,SR0350R
SR0155R,SR0266R,SR0160R,SR0263R,SR0226R,SR0227R
SR0210R,SR0214R,SR0267R,SR0133R,SR0212R,SR0266R
SR0214R,SR0210R,SR0267R,SR0133R,SR0212R,SR0266R
SR0267R,SR0210R,SR0214R,SR0133R,SR0212R,SR0266R
SR0133R,SR0267R,SR0210R,SR0214R,SR0212R,SR0266R
SR0212R,SR0133R,SR0267R,SR0210R,SR0214R,SR0266R
SR0266R,SR0155R,SR0160R,SR0263R,SR0226R,SR0227R
SR0351R,SR0227R,SR0212R,SR0133R,SR0155R,SR0226R
SR0126R,SR0351R,SR0227R,SR0212R,SR0133R,SR0155R
SR0160R,SR0266R,SR0155R,SR0263R,SR0226R,SR0227R
SR0263R,SR0160R,SR0266R,SR0155R,SR0226R,SR0227R
SR0643R,SR0226R,SR0263R,SR0126R,SR0266R,SR0212R
SR0226R,SR0263R,SR0160R,SR0155R,SR0266R,SR0227R
SR0227R,SR0226R,SR0263R,SR0160R,SR0155R,SR0266R
SR0111R,SR0231R,SR0696R,SR0158R,SR0148R,SR0245R
SR0231R,SR0111R,SR0696R,SR0158R,SR0148R,SR0245R
SR0696R,SR0231R,SR0111R,SR0245R,SR0158R,SR0148R
SR0104R,SR0245R,SR0163R,SR0148R,SR0110R,SR0158R
SR0148R,SR0245R,SR0104R,SR0110R,SR0163R,SR0158R
SR0158R,SR0245R,SR0104R,SR0163R,SR0110R,SR0148R
SR0245R,SR0104R,SR0158R,SR0163R,SR0148R,SR0110R
SR0557R,SR0559R,SR0558R,SR0563R,SR0560R,SR0562R
SR0558R,SR0561R,SR0557R,SR0566R,SR0564R,SR0563R
SR0559R,SR0557R,SR0558R,SR0563R,SR0560R,SR0562R
SR0560R,SR0559R,SR0557R,SR0558R,SR0563R,SR0562R
SR0561R,SR0558R,SR0563R,SR0557R,SR0566R,SR0564R
SR0563R,SR0560R,SR0559R,SR0557R,SR0558R,SR0562R
SR0564R,SR0561R,SR0558R,SR0563R,SR0557R,SR0566R
SR0565R,SR0564R,SR0563R,SR0560R,SR0559R,SR0558R
SR0566R,SR0564R,SR0561R,SR0558R,SR0563R,SR0557R
SR0562R,SR0565R,SR0563R,SR0560R,SR0559R,SR0557R
SR0318R,SR0355R,SR0590RB,SR0592RB,SR0110R,SR0163R
SR0590RB,SR0355R,SR0110R,SR0592RB,SR0318R,SR0163R
SR0592RB,SR0355R,SR0590RB,SR0318R,SR0110R,SR0163R
SR0355R,SR0592RB,SR0590RB,SR0110R,SR0318R,SR0163R
SR0110R,SR0318R,SR0590RB,SR0592RB,SR0355R,SR0163R
SR0163R,SR0245R,SR0595RB,SR0158R,SR0148R,SR0110R
SR0588RB,SR0589RB,SR0595RB,SR0163R,SR0164R,SR0591RB
SR0589RB,SR0588RB,SR0595RB,SR0163R,SR0164R,SR0591RB
SR0595RB,SR0589RB,SR0163R,SR0588RB,SR0164R,SR0591RB
SR0591RB,SR0595RB,SR0589RB,SR0163R,SR0164R,SR0588RB
SR0596RB,SR0220R,SR0146R_N,SR0737RD,SR0725RD,SR0750R
SR0220R,SR0146R_N,SR0750R,SR0596RB,SR0737RD,SR0725RD
SR0146R_N,SR0737RD,SR0220R,SR0725RD,SR0750R,SR0596RB
SR0737RD,SR0146R_N,SR0596RB,SR0750R,SR0220R,SR0725RD
SR0725RD,SR0750R,SR0220R,SR0749R,SR0737RD,SR0146R_N
SR0754R,SR0218R_N,SR0717RD,SR0152R_N,SR0350R,SR0593RB
SR0767R,SR0169R,SR0103R,SR0151R,SR0150R,SR0720RD
SR0749R,SR0764R,SR0765R,SR0766R,SR0763R,SR0725RD
SR0764R,SR0749R,SR0725RD,SR0763R,SR0766R,SR0750R
SR0750R,SR0765R,SR0749R,SR0763R,SR0766R,SR0748R
SR0765R,SR0750R,SR0749R,SR0763R,SR0764R,SR0725RD
SR0751R,SR0766R,SR0749R,SR0763R,SR0750R,SR0748R
SR0766R,SR0751R,SR0749R,SR0763R,SR0764R,SR0765R
SR0748R,SR0763R,SR0749R,SR0764R,SR0750R,SR0765R
SR0763R,SR0748R,SR0749R,SR0764R,SR0766R,SR0750R
SR0808R,SR0809RD,SR0810RD,SR0587RB,SR0645R,SR0164R
SR0809RD,SR0808R,SR0810RD,SR0587RB,SR0645R,SR0164R
SR0810RD,SR0809RD,SR0808R,SR0587RB,SR0645R,SR0164R
SE0101S,SE0129S,SE0966SD,SE0965SD,,
SE0102S,SE0125S,SE0133S,SE0866S,SE0867S,
SE0106SL,SE0107S,SE0137S,SE0856S,SE0857S,
SE0107S,SE0860S_N,SE0127S,SE0133S,SE0868S,
SE0112S,SE0121S,SE0127S,SE0129S,SE0863S,SE0871S
SE0120S,SE0107S,SE0137S,SE0856S,SE0857S,SE0860S_N
SE0121S,SE0112S,SE0127S,SE0133S,SE0863S,SE0871S
SE0125S,SE0102S,SE0133S,SE0866S,SE0871S,
SE0127S,SE0112S,SE0121S,SE0866S,SE0863S,SE0871S
SE0127SL,SE0112S,SE0121S,SE0127S,SE0866S,SE0863S
SE0129S,SE0112S,SE0121S,SE0127S,SE0863S,SE0871S
SE0133S,SE0102S,SE0125S,SE0229S,SE0866S,SE0867S
SE0136S,SE0125S,SE0139S,SE0232S,SE0107S,SE0870S
SE0137S,SE0125S,SE0864S,SE0870S,SE0869S,SE0107S
SE0139S,SE0133S,SE0136S,SE0232S,SE0263S,SE0870S
SE0229S,SE0126S,SE0770S,SE0862S,SE0102S,SE0125S
SE0230S,SE0234SL,SE0870S,SE0871S,SE0869S,SE0866S
SE0232S,SE0101S,SE0136S,SE0139S,SE0263S,SE0870S
SE0263S,SE0101S,SE0136S,SE0139S,SE0232S,SE0870S
SE0856S,SE0137S,SE0857S,SE0860S_N,SE0861S,
SE0857S,SE0864S,SE0868S,SE0869S,SE0107S,
SE0860S_N,SE0861S,SE0864S,SE0868S,SE0869S,SE0107S
SE0861S,SE0864S,SE0868S,SE0869S,SE0107S,
SE0863S,SE0112S,SE0121S,SE0127S,SE0129S,SE0871S
SE0864S,SE0868S,SE0869S,SE0107S,SE0137S,
SE0866S,SE0126S,SE0770S,SE0862S,SE0867S,SE0229S
SE0867S,SE0866S,SE0229S,SE0133S,SE0125S,SE0102S
SE0868S,SE0869S,SE0107S,SE0137S,SE0856S,
SE0869S,SE0107S,SE0137S,SE0856S,SE0857S,
SE0870S,SE0136S,SE0139S,SE0232S,,
SE0871S,SE0121S,SE0127S,SE0863S,,
SE0873S,SE0863S,SE0121S,SE0127S,,
SE0965SD,SE0101S,SE0129S,SE0966SD,,
SE0966SD,SE0101S,SE0129S,SE0965SD,,
SE0234SL,SE0230S,SE0263S,SE0139S,SE0112S,
SE0898S_N,SD_SE0125S,SE0111S,SE0151S,SE0902S,
SE0902S,SE0898S_N,SE0151S,SE0111S,SD_SE0125S,
SD_SE0125S,SE0111S,SE0151S,SE0898S_N,SE0902S,
SE0111S,SD_SE0125S,SE0151S,SE0898S_N,SE0902S,
SE0151S,SD_SE0125S,SE0111S,SE0898S_N,SE0902S,
SE0325SL,SE0102SL,SE0104SL,,,
SE0102SL,SE0104SL,SE0325SL,,,
SE0104SL,SE0102SL,SE0325SL,,,
SE0126S,SE0770S,SE0862S,,,
SE0131S,SE0226S,SE0865S,,,
SE0132S,SE0920S,SE0146SD,,,
SE0226S,SE0131S,SE0865S,,,
SE0255SB,SE0875S,SE0964SD,,,
SE0770S,SE0126S,SE0862S,,,
SE0862S,SE0126S,SE0770S,,,
SE0865S,SE0131S,SE0226S,,,
SE0875S,SE0255SB,SE0964SD,,,
SE0920S,SE0132S,SE0146SD,,,
SE0964SD,SE0255SB,SE0875S,,,
SD_SE0224S,SE0146SD,,,,
SE0146SD,SD_SE0224S,,,,
SP0152S,SP0552S,SP0570SB,SP0572SB,,
SP0552S,SP0152S,SP0570SB,SP0572SB,,
SP0570SB,SP0152S,SP0552S,SP0572SB,,
SP0572SB,SP0152S,SP0552S,SP0570SB,,
SD_SP0114S,SP0140S,SP0185S,SP0103S,SD_SP0171S,SP0543S
SD_SP0171S,SP0103S,SP0185S,SP0165S,SD_SP0114S,
SP0103S,SP0140S,SP0165S,SD_SP0171S,SP0664S,SP0645S
SP0108S,SP0155S,SP0157S,SP0159S,SP0159SL,SP0583S
SP0140S,SD_SP0171S,SP0103S,SP0165S,SP0185S,SP0556SB
SP0141S,SP0149S_N,SP0166S,SP0519S,SP0540S_N,SP0548S
SP0149S_N,SP0550S_N,SP0567SB,SP0582S,SP0642SD,SP0643SD
SP0155S,SP0108S,SP0157S,SP0159S,SP0583S,SP0148S
SP0157S,SP0108S,SP0155S,SP0159S,SP0583S,SP0148S
SP0159S,SP0108S,SP0155S,SP0157S,SP0583S,SP0543S
SP0159SL,SP0108S,SP0155S,SP0157S,SP0583S,SP0544S_N
SP0160S,SP0537S,SP0148S,SP0571SB,SP0102S,SP0642SD
SP0161S,SP0108S,SP0155S,SP0157S,SP0544S_N,
SP0165S,SD_SP0171S,SP0103S,SP0140S,SP0185S,SP0645S
SP0166S,SP0141S,SP0544S_N,SP0519S,SP0108S,SP0155S
SP0169SL,SP0169S,SP0547S,SP0448SL,SP0108S,SP0155S
SP0185S,SD_SP0171S,SP0165S,SP0103S,SP0140S,SP0645S
SP0448SL,SP0169S,SP0547S,SP0108S,SP0169SL,SP0155S
SP0519S,SP0550S_N,SP0161S,SP0169S,SP0547S,SP0643SD
SP0533S,SP0537S,SP0538S,SP0541S,SP0545S,
SP0534S,SP0161S,SP0544S_N,SP0519S,SP0108S,SP0155S
SP0537S,SP0533S,SP0538S,SP0541S,SP0545S,
SP0538S,SP0533S,SP0537S,SP0541S,SP0545S,
SP0539S,SP0542S,SP0568SB,SP0559SB,SP0581S,
SP0540S_N,SP0559SB,SP0149S_N,SP0542S,SP0568SB,SP0548S
SP0541S,SP0533S,SP0537S,SP0538S,SP0545S,
SP0542S,SP0568SB,SP0581S,SP0559SB,SP0149S_N,SP0548S
SP0543S,SP0553SB,SP0534S,SP0550S_N,,SP0544S_N
SP0544S_N,SP0553SB,SP0559SB,SP0542S,SP0539S,SP0646SD
SP0545S,SP0533S,SP0537S,SP0538S,SP0541S,SP0546S
SP0546S,SP0533S,SP0534S,SP0537S,SP0538S,SP0541S
SP0548S,SP0567SB,SP0582S,SP0642SD,SP0533S,SP0546S
SP0550S_N,SP0141S,SP0149S_N,SP0166S,SP0519S,
SP0551S_N,SP0569SB,SP0149S_N,SP0642SD,SP0538S,
SP0553SB,SP0566S,SP0568SB,SP0581S,SP0646SD,
SP0556SB,SP0664S,SP0645S,SP0185S,SP0557SB,
SP0557SB,SP0556SB,SP0645S,SP0185S,,
SP0559SB,SP0566S,SP0568SB,SP0581S,SP0539S,
SP0561SB,SP0646SD,SP0664S,SP0539S,SP0185S,
SP0566S,SP0542S,SP0543S,SP0544S_N,SP0553SB,SP0556SB
SP0567SB,SP0548S,SP0550S_N,SP0582S,SP0642SD,SP0643SD
SP0568SB,SP0548S,SP0559SB,SP0561SB,SP0566S,SP0581S
SP0569SB,SP0551S_N,SP0645S,SP0644SD,SP0642SD,SP0573SB
SP0571SB,SP0148S,SP0160S,SP0644SD,SP0642SD,SP0573SB
SP0580SB,SP0561SB,SP0566S,SP0664S,SP0108S,SP0155S
SP0581S,SP0566S,SP0646SD,SP0664S,SP0155S,SP0544S_N
SP0581SL,SP0540S_N,SP0148S,SP0539S,SP0542S,SP0642SD
SP0582S,SP0141S,SP0149S_N,SP0166S,SP0519S,SP0540S_N
SP0582SL,SP0548S,SP0550S_N,SP0567SB,SP0582S,SP0642SD
SP0583S,SP0108S,SP0155S,SP0157S,SP0159S,SP0580SB
SP0642SD,SP0540S_N,SP0148S,SP0539S,SP0542S,SP0548S
SP0643SD,SP0540S_N,SP0548S,SP0550S_N,SP0567SB,SP0582S
SP0644SD,SP0542S,SP0149S_N,SP0548S,SP0537S,SP0551S_N
SP0645S,SP0556SB,SP0557SB,SP0543S,SP0544S_N,SP0553SB
SP0646SD,SP0556SB,SP0557SB,SP0559SB,SP0561SB,SP0566S
SP0664S,SP0568SB,SP0581S,SP0566S,SP0646SD,SP0553SB
SP0102S,SP0642SD,SP0540S_N,SP0148S,SP0539S,SP0573SB
SP0148S,SP0539S,SP0542S,SP0559SB,SP0568SB,
SP0169S,SP0166S,SP0519S,SP0547S,SP0648SD,
SP0547S,SP0166S,SP0519S,SP0169S,SP0648SD,
SP0573SB,SP0102S,SP0539S,SP0542S,SP0559SB,SP0568SB
SP0648SD,SP0169S,SP0547S,SP0166S,SP0519S,
SP0112SD,SP0113SD,,,,
SP0113SD,SP0112SD,,,,
SP0120S,SP0120SD,,,,
SP0120SD,SP0120S,,,,
SP0108T,SP0144T,SP0152T,SP0155T,SP0159T,SP0169T
SP0144T,SP0108T,SP0152T,SP0155T,SP0159T,SP0169T
SP0169T,SP0448T,SP0108T,SP0144T,SP0152T,SP0155T
SP0106T,SP0153T,SP0155T,SP0108T,SP0144T,SP0152T
SP0152T,SP0169T,SP0155T,SP0108T,SP0144T,SP0448T
SP0155T,SP0169T,SP0159T,SP0108T,SP0144T,SP0152T
SP0159T,SP0152T,SP0155T,SP0108T,SP0144T,SP0169T
SP0161T,SP0519T,SP0155T,SP0108T,SP0144T,SP0152T
SP0448T,SP0169T,SP0159T,SP0108T,SP0144T,SP0152T
SP0150T,SP0144T,SP0448T,SP0106T,SP0161T,SP0519T
SP0553TB,SP0159T,SP0448T,SP0108T,SP0144T,SP0152T
SP0519T,SP0161T,SP0155T,SP0108T,SP0144T,SP0152T
SP0450TB,SP0119T,SP0124T,,,
SP0119T,SP0124T,SP0450TB,,,
SP0124T,SP0119T,SP0450TB,SP0452T,,
SP0127T,SP0452T,SP0124T,SP0119T,SP0450TB,
SP0452T,SP0124T,SP0119T,SP0450TB,,
SP0153T,SP0106T,SP0108T,SP0144T,,
SP0556TB,SP0557TB,SP0158T,,,
SP0557TB,SP0556TB,SP0158T,,,
SP0582T,SP0648TD,SP0583T,,,
SP0583T,SP0648TD,SP0582T,,,
SP0648TD,SP0583T,SP0582T,,,
SP0570TB,SP0643TD,SP0582T,,,
SP0573TB,SP0559TB,SP0102T,SP0568TB,SP0148T,SP0149T_N
SP0580TB,SP0566T,SP0646TD,SP0573TB,SP0149T_N,
SP0566T,SP0580TB,SP0646TD,SP0573TB,SP0149T_N,
SP0643TD,SP0646TD,SP0559TB,SP0566T,SP0580TB,SP0573TB
SP0646TD,SP0643TD,SP0559TB,SP0566T,SP0580TB,SP0573TB
SP0559TB,SP0573TB,SP0148T,SP0102T,SP0568TB,
SP0567TB,SP0568TB,SP0569TB,SP0102T,SP0148T,
SP0568TB,SP0567TB,SP0148T,SP0569TB,SP0102T,
SP0569TB,SP0102T,SP0568TB,SP0573TB,SP0567TB,
SP0148T,SP0642TD,SP0102T,SP0149T_N,SP0644TD,SP0572TB
SP0102T,SP0149T_N,SP0642TD,SP0148T,SP0644TD,SP0572TB
SP0572TB,SP0644TD,SP0102T,SP0148T,SP0149T_N,SP0571TB
SP0571TB,SP0148T,SP0102T,SP0149T_N,SP0642TD,
SP0149T_N,SP0642TD,SP0148T,SP0102T,SP0571TB,
SP0642TD,SP0149T_N,SP0102T,SP0148T,SP0644TD,SP0572TB
SP0644TD,SP0572TB,SP0102T,SP0642TD,SP0149T_N,SP0148T
SE0255TB,SE0142T,SE0102T,SE0125T,SE0107T,SE0130T
SE0107T,SE0255TB,SE0102T,SE0125T,SE0142T,SE0130T
SE0142T,SE0255TB,SE0125T,SE0102T,SE0130T,SE0107T
SE0125T,SE0102T,SE0255TB,SE0107T,SE0142T,SE0130T
SE0102T,SE0125T,SE0255TB,SE0107T,SE0142T,SE0130T
SE0130T,SE0133T,SE0125T,SE0255TB,SE0107T,SE0142T
SE0133T,SE0130T,SE0125T,SE0255TB,SE0107T,SE0142T
SE0258TB,SE0770T,SE0134T,SE0127T,SE0136T,SE0137T
SE0770T,SE0258TB,SE0127T,SE0134T,SE0136T,SE0137T
SE0134T,SE0258TB,SE0770T,SE0127T,SE0136T,SE0137T
SE0127T,SE0134T,SE0258TB,SE0770T,SE0136T,SE0137T
SE0136T,SE0137T,SE0127T,SE0134T,SE0258TB,SE0770T
SE0137T,SE0136T,SE0127T,SE0134T,SE0258TB,SE0770T
SE0966TD,SE0262T,SE0263T,SE0112T,SE0129T,
SE0112T,SE0262T,SE0966TD,SE0129T,SE0263T,
SE0262T,SE0263T,SE0966TD,SE0129T,SE0112T,
SE0263T,SE0262T,SE0966TD,SE0129T,SE0112T,
SE0129T,SE0112T,SE0262T,SE0263T,SE0966TD,
SE0965TD,SE0964TD,SE0129T,SE0139T,,
SE0964TD,SE0139T,SE0255TB,SE0965TD,,
SE0139T,SE0964TD,SE0965TD,SE0129T,,
SR0112T,SR0720TD,SR0163T,SR0158T,SR0149T,SR0169T
SR0160T,SR0163T,SR0696T,SR0726T,SR0245T,SR0151T
SR0163T,SR0245T,SR0726T,SR0151T,SR0737TD,SR0160T
SR0347T,SR0437AQT,SR0160T,SR0210T,SR0215T,SR0245T
SR0110T,SR0245T,SR0726T,SR0151T,SR0737TD,SR0160T
SR0249T,SR0110T,SR0726T,SR0720TD,SR0737TD,SR0152T_N
SR0155T,SR0349T,SR0210T,SR0150T,SR0595TB,SR0748T
SR0169T,SR0210T,SR0720TD,SR0737TD,SR0595TB,SR0593TB
SR0107T,SR0645T,SR0242T,SR0720TD,SR0357T,SR0596TB
SR0405TB,SR0215T,SR0437AQT,SR0347T,SR0166AQ_N,SR0594T
SR0717TD,SR0152T_N,SR0720TD,SR0167T,SR0718TD,SR0593TB
SR0158T,SR0149T,SR0726T,SR0242T,SR0353T,SR0336T
SR0149T,SR0717TD,SR0152T_N,SR0595TB,SR0155T,SR0720TD
SR0696T,SR0231T,SR0763T,SR0169T,SR0593TB,SR0160T
SR0245T,SR0110T,SR0763T,SR0151T,SR0249T,SR0103T
SR0150T,SR0103T,SR0245T,SR0593TB,SR0737TD,SR0152T_N
SR0557T,SR0566T,SR0564T,SR0561T,SR0563T,SR0336T
SR0683T,SR0717TD,SR0720TD,SR0718TD,SR0149T,SR0336T
SR0355T,SR0245T,SR0350T,SR0593TB,SR0155T,SR0748T
SR0437AQT,SR0210T,SR0595TB,SR0103T,SR0560T,SR0593TB
SR0218T_N,SR0683T,SR0717TD,SR0150T,SR0149T,SR0152T_N
SR0164T,SR0598TB,SR0588TB,SR0112T,SR0415TB,SR0591TB
SR0210T,SR0737TD,SR0763T,SR0150T,SR0169T,SR0751T
SR0588TB,SR0164T,SR0163T,SR0598TB,SR0223T,SR0595TB
SR0152T_N,SR0218T_N,SR0683T,SR0717TD,SR0150T,SR0149T
SR0598TB,SR0164T,SR0163T,SR0588TB,SR0223T,SR0595TB
SR0357T,SR0723TD,SR0171T,SR0112T,SR0170T,SR0720TD
SR0566T,SR0557T,SR0564T,SR0561T,SR0563T,SR0336T
SR0111T,SR0228T,SR0593TB,SR0350T,SR0152T_N,SR0717TD
SR0720TD,SR0228T,SR0593TB,SR0350T,SR0152T_N,SR0717TD
SR0231T,SR0696T,SR0763T,SR0169T,SR0593TB,SR0160T
SR0593TB,SR0228T,SR0720TD,SR0350T,SR0152T_N,SR0717TD
SR0350T,SR0228T,SR0593TB,SR0720TD,SR0152T_N,SR0717TD
SR0336T,SR0235T,SR0353T,SR0346TH,SR0730TD,SR0242T
SR0560T,SR0557T,SR0564T,SR0561T,SR0563T,SR0336T
SR0645T,SR0587TB,SR0415TB,SR0222T,SR0336T,SR0730TD
SR0763T,SR0153T,SR0245T,SR0151T,SR0751T,SR0593TB
SR0170T,SR0723TD,SR0171T,SR0112T,SR0357T,SR0720TD
SR0167T,SR0228T,SR0593TB,SR0720TD,SR0152T_N,SR0717TD
SR0751T,SR0153T,SR0245T,SR0151T,SR0763T,SR0593TB
SR0565T,SR0557T,SR0564T,SR0561T,SR0563T,SR0336T
SR0737TD,SR0228T,SR0593TB,SR0720TD,SR0152T_N,SR0717TD
SR0587TB,SR0645T,SR0415TB,SR0222T,SR0336T,SR0730TD
SR0166AQ_N,SR0228T,SR0593TB,SR0720TD,SR0152T_N,SR0717TD
SR0766T,SR0153T,SR0245T,SR0151T,SR0763T,SR0593TB
SR0351T,SR0228T,SR0593TB,SR0720TD,SR0152T_N,SR0717TD
SR0349T,SR0564T,SR0561T,SR0592TB,SR0565T,SR0405TB
SR0242T,SR0235T,SR0353T,SR0346TH,SR0730TD,SR0336T
SR0153T,SR0151T,SR0245T,SR0103T,SR0763T,SR0593TB
SR0151T,SR0153T,SR0245T,SR0103T,SR0763T,SR0593TB
SR0118TD,SR0101T,SR0434TB,,,
SR0101T,SR0118TD,SR0434TB,,,
SR0564T,SR0557T,SR0565T,SR0561T,SR0563T,SR0336T
SR0415TB,SR0645T,SR0587TB,SR0222T,SR0336T,SR0730TD
SR0235T,SR0353T,SR0346TH,SR0730TD,SR0242T,SR0336T
SR0215T,SR0171T,SR0228T,SR0590TB,SR0726T,SR0219T
SR0346TH,SR0353T,SR0235T,SR0730TD,SR0242T,SR0336T
SR0353T,SR0235T,SR0336T,SR0346TH,SR0730TD,SR0242T
SR0563T,SR0557T,SR0565T,SR0561T,SR0564T,SR0336T
SR0595TB,SR0223T,SR0589TB,SR0588TB,SR0163T,SR0164T
SR0223T,SR0589TB,SR0588TB,SR0595TB,SR0163T,SR0164T
SR0103T,SR0153T,SR0245T,SR0151T,SR0763T,SR0593TB
SR0219T,SR0171T,SR0228T,SR0590TB,SR0726T,SR0215T
SR0171T,SR0723TD,SR0235T,SR0112T,SR0357T,SR0720TD
SR0434TB,SR0766T,SR0763T,SR0748T,SR0155T,SR0595TB
SR0594TB,SR0726T,SR0223T,SR0595TB,SR0151T,SR0126T
SR0228T,SR0593TB,SR0720TD,SR0151T,SR0152T_N,SR0717TD
SR0589TB,SR0223T,SR0588TB,SR0595TB,SR0163T,SR0164T
SR0590TB,SR0171T,SR0228T,SR0219T,SR0726T,SR0215T
SR0561T,SR0557T,SR0565T,SR0558T,SR0564T,SR0336T
SR0222T,SR0645T,SR0587TB,SR0415TB,SR0336T,SR0730TD
SR0115TAQ_N,SR0559T,SR0591TB,SR0718TD,SR0596TB,SR0126T
SR0730TD,SR0645T,SR0587TB,SR0415TB,SR0336T,SR0222T
SR0718TD,SR0235T,SR0336T,SR0346TH,SR0730TD,SR0242T
SR0136T,SR0228T,SR0593TB,SR0720TD,SR0152T_N,SR0717TD
SR0723TD,SR0171T,SR0235T,SR0112T,SR0357T,SR0720TD
SR0126T,SR0559T,SR0591TB,SR0718TD,SR0596TB,SR0115TAQ_N
SR0558T,SR0557T,SR0565T,SR0559T,SR0564T,SR0336T
SR0559T,SR0557T,SR0565T,SR0558T,SR0564T,SR0336T
SR0592TB,SR0153T,SR0245T,SR0151T,SR0763T,SR0593TB
SR0562T,SR0557T,SR0565T,SR0558T,SR0564T,SR0336T
SR0591TB,SR0559T,SR0126T,SR0718TD,SR0596TB,SR0115TAQ_N
SR0726T,SR0149T,SR0158T,SR0242T,SR0353T,SR0336T
SR0596TB,SR0559T,SR0126T,SR0718TD,SR0591TB,SR0115TAQ_N
SR0748T,SR0153T,SR0245T,SR0151T,SR0763T,SR0593TB