Product,Matching_Product_1,Matching_Product_2
SD_SR0768BKDD,SE0940BKD,SP0600BKD
SD_SR0768BLDD,SE0940BLD,SP0600BLD
SD_SR0769BKDD,SD_SE0975BKDD,SD_SP0661BKDD
SD_SR0769BLDD,SD_SE0975BLDD,SD_SP0661BLDD
SR0101AQ,SE0102AQ,SP0108AQ
SR0101RD,SE0920R,SP0583R
SR0101SD,SE0920S,SP0583S
SR0102PS,SE0133PS,SP0155PS
SR0103R,SE0131R,SP0568RB
SR0104S,SE0111S,SP0140S
SR0110SL,SE0325SL,SP0159SL
SR0112AMB,SE0121AMB,SP0141AMB
SR0112GB,SE0121GB,SP0141GB
SR0112OPB,SE0121OPB,SP0141OPB
SR0112PS,SE0130PS,SP0150PS
SR0112R,SE0121R,SP0141R
SR0112T,SE0130T,SP0150T
SR0118ED,SE0902E,SP0120ED
SR0118RD,SE0902R,SP0120RD
SR0121RD,SE0151R,SP0113RD
SR0125S,SE0867S,sp0544s_N
SR0146S_N,SE0873S,SP0550S_N
SR0150S,SE0126S,SP0148S
SR0151S,SE0862S,SP0539S
SR0153S,SE0864S,SP0541S
SR0153T,SE0137T,SP0106T
SR0154S,SE0866S,SP0543S
SR0155T,SE0133T,SP0155T
SR0160E,SE0920E,SP0583E
SR0163E,SE0102E,SP0108E
SR0163EL,SE0325EL,SP0159EL
SR0163PS,SE0125PS,SP0140PS
SR0163R,SE0102R,SP0108R
SR0163RL,SE0102RL,SP0110RL
SR0163T,SE0102T,SP0108T
SR0164E,SE0966ED,SP0648ED
SR0164T,SE0966TD,SP0648TD
SR0168OPB,SE0127OPB,SP0436OPB
SR0169R,SE0140R,SP0567RB
SR0169S,SE0871S,SP0548S
SR0170BO,SE0126BO,SP0589BO
SR0170E,SE0770E,SP0581E
SR0170R,SE0126R,SP0148R
SR0170T,SE0770T,SP0559TB
SR0206RL,SE0118RL,SP0124RL
SR0218R_N,SE0127R,SP0149R_N
SR0218S_N,SE0127S,SP0149S_N
SR0218T_N,SE0127T,SP0149T_N
SR0223S,SE0133S,SP0155S
SR0263R,SE0133R,SP0155R
SR0267E,SE0130E,SP0150E
SR0351S,SE0132S,SP0581S
SR0355T,SE0964TD,SP0570TB
SR0402S,SD_SE0125S,SP0113SD
SR0408CTB,SE0920CT,SP0583CT
SR0409AMB,SE0102AMB,SP0156AMB
SR0410PB,SE0102PB,SP0531PH
SR0424AQ,SE0258AQ,SP0148AQ
SR0569SB,SE0874S,sp0551s_n
SR0591RB,SE0964RD,SP0570RB
SR0591SB,SE0964SD,SP0570SB
SR0592TB,SE0255TB,SP0152T
SR0593EB,SE0255EB,SP0572EB
SR0593SB,SE0875S,SP0572SB
SR0595SB,SE0139S,SP0169S
SR0598TB,SE0142T,SP0158T
SR0623S,SE0865S,SP0542S
SR0632S,SE0131S,SP0568SB
SR0645AQ,SE0139AQ,SP0168AQ
SR0645S,SE0870S,SP0547S
SR0646BKD,SE0924BKD,SP0590BKD
SR0646BLD,SE0924BLD,SP0590BLD
SR0649BKD,SE0957BKD,SP0614BKD
SR0649BLD,SE0957BLD,SP0614BLD
SR0649ML,SE0111ML,SP0159ML
SR0651BKD,SE0927BKD,SP0591BKD
SR0651BLD,SE0927BLD,SP0591BLD
SR0651D,SE0927D,SP0591D
SE0262T,SP0648TD,SR0720TD
SR0654D,SE0936D,SP0598D
SR0655BKD,SE0934BKD,SP0596BKD
SR0655BLD,SE0934BLD,SP0596BLD
SR0655D,SE0934D,SP0596D
SR0656D,SE0935D,SP0597D
SR0660BKD,SE0938BKD,SP0599BKD
SR0660BLD,SE0938BLD,SP0599BLD
SR0660D,SE0938D,SP0599D
SR0662BKD,SE0922BKD,SP0601BKD
SR0662BLD,SE0922BLD,SP0601BLD
SR0662D,SE0922D,SP0601D
SR0676BKD,SE0936BKD,SP0598BKD
SR0676BLD,SE0936BLD,SP0598BLD
SR0677BKD,SE0948BKD,SP0610BKD
SR0677BLD,SE0948BLD,SP0610BLD
SR0678BKD,SE0935BKD,SP0597BKD
SR0678BLD,SE0935BLD,SP0597BLD
SR0679BKD,SE0931BKD,SP0594BKD
SR0679BLD,SE0931BLD,SP0594BLD
SR0681BKD,SE0947BKD,SP0628BKD
SR0681BLD,SE0947BLD,SP0628BLD
SR0720ED,SE0136E,SP0102E
SR0720RD,SE0101R,SPY0102R
SR0720TD,SE0136T,SP0102T
SR0723SD,se0857s,SP0534S
SR0723TD,SE0107T,SP0153T
SR0737SD,SE0965SD,SP0643SD
SR0737TD,SE0965TD,SP0643TD
SR0740D,SE0940D,SP0600D
SR0749D,SE0956D,SP0610D
SR0754D,SE0933D,SP0595D
SR0759AMCT,SE0971AMCTAMGD,SP0659AMCTAMGD
SR0764R,SE0262R,SPY0124R
SR0766D,SE0978D,SP0159D
SR0808D,SE0925D,SP0664D
SR0810RD,SE0770R,SP0559RB
SR0810SD,SE0770S,SP0559SB
WRG_SR0672R,SE0125R,SP0646RD
WRGD_SR0672SD,SE0902S,SP0120SD