Master SKU,Live SKU
SR0116R,SR0116R_N
SR0271SH,SR0271S
SR0146RH,SR0146R_N
SR0218R,SR0218R_N
AMRW1207,AMRW1207
SE0106CTB,SE0106CTB
AMPY1027,AMPY1027
SR0221RB,SR0220R
WRM_SR0781,WRM_SR0781
SP0143EB,SP0143E
SR0211TB,SR0210T
WRM_SR0882,WRM_SR0882
SP0159SH,SP0159S
AMRW1229,AMRW1229
SR0263SB,SR0263S
SR0310,WRM_SR0310
SP0155SB,SP0155S
AMRW1087,AMRW1087
SR0218E,SR0218E_N
WR_SR0753,WR_SR0753
SR0581D,WRD_SR0581D
SD_SR0193D,SD_SR0193D_N
AMRW1207,AMRW1207
SR0162SH,SR0163S
SR0303,WRM_SR0303
AMRY1086,AMRY1086
WRD_SR0674BKDD,WRD_SR0674BKDD
AMRW1234,AMRW1234
SE0104SH,SE0102S
SE0125SB,SE0125S
SE0130SG,SE0130S
AMRW1223,AMRW1223
SE0125RG,SE0125R
SE0104RB,SE0102R
SE0105RG,SE0105R
SR0231TH,SR0231T
SD_SR0193D,SD_SR0193D_N
SR0218E,SR0218E_N
SP0159RH,SP0159R
SR0310,WRM_SR0310
SR0301D,WRM_SR0301D
SR0146S,SR0146S_N
SR0148EH,SR0148E
SE0105EB,SE0105E
AMPW1014,AMPW1014
SR0148SB,SR0148S
AMPW1004,AMPW1004
SC0103,SC0103
SP0156SB,SP0108S
SR0108TB,SR0107T
SR0190SL,SR0190SL
SE0112RB,SE0112R
SP0150RH,SP0150R
SP0108RG,SP0108R
AMPW1024,AMPW1024
SE0262TH,SE0262T
AMRW1085,AMRW1085
AMRW1207,AMRW1207
SR0245RB,SR0245R
SP0576CT,SP0576CT
SR0154SB,SR0154S
SR0220RB,SR0220R
AMPW1001,AMPW1001
AMPY1022,AMPY1022
SR0218S,SR0218S_N
SR0155RB,SR0155R
SR0263SB,SR0263S
SP0150EB,SP0150E
SR0263SB,SR0263S
AMRW1109,AMRW1109
AMPW1001,AMPW1001
SP0141GH,SP0141GB
SR0112RB,SR0112R
SE0102TB,SE0102T
AMRY1084,AMRY1084
AMEW1022,AMEW1022
SR0160SB,SR0160S
SR0120S,SR0120S_N
SP0169RH,SP0169R
SP0156SB,SP0108S
SR0103RH,SR0103R
AMPW1001,AMPW1001
SE0125TB,SE0125T
SE0104EB,SE0102E
SP0159RH,SP0159R
WRM_SR0784,WRM_SR0784_N
SE0104SB,SE0102S
SR0152RH,SR0152R_N
SR0148EH,SR0148E
WRD_SR0722D,WRD_SR0722D
SP0159SB,SP0159S
AMPW1006,AMPW1006
SR0241EL,SR0241EL
SP0152SB,SP0152S
SR0112RH,SR0112R
SE0952D,SE0952D
SE0104EB,SE0102E
SP0148SB,SP0148S_N
SE0125RB,SE0125R
SP0158TB,SP0158T
SP0540S,SP0540S_N
SP0141CTH,SP0141CTB
SP0566TB,SP0566T
SE0112SB,SE0112S
SP0150RH,SP0150R
SP0158TB,SP0158T
SP0155SB,SP0155S
AMRY1090,AMRY1090
SE0952BLD,SE0952BLD
WRM_SR0828,WRM_SR0828
WRD_SR0717D,WRD_SR0717D
SP0165SH,SP0165S
SR0163TH,SR0163T
AMRY1108,AMRY1108
SR0354RB,SR0354R
SP0519RH,SP0519R
SR0241SL,SR0241SL
AMPW1024,AMPW1024
AMPW1011,AMPW1011
AMRY1092,AMRY1092
AMRW1099,AMRW1099
AMRW1207,AMRW1207
AMRW1085,AMRW1085
SE0104CTG,SE0102CTB
SR0347EG,SR0347E
SE0125SB,SE0125S
SR0167S,SR0167S
SR0218R,SR0218R_N
SE0952D,SE0952D
SP0576CT,SP0576CT
SR0425EL,SR0425EL
SR0110SB,SR0110S
SR0101RB,SR0101R_N
SR0163RB,SR0163R
SP0140R,SP0186R
SP0152RB,SP0152R
SE0133GH,SE0133GB
SE0104TH,SE0102T
SR0112SB,SR0112S
AMRW1085,AMRW1085
SE0105RG,SE0105R
SE0952D,SE0952D
SE0952D,SE0952D
SP0156SB,SP0108S
SE0952D,SE0952D
AMRY1120,AMRY1120
SR0648ML,SR0648ML
WRM_SR0826,WRM_SR0826
SP0149R,SP0149R_N
SR0169TB,SR0169T
SE0104T,SE0102T
SR0163TB,SR0163T
SE0104EB,SE0102E
SR0112EG,SR0112E
SE0107TB,SE0107T
SR0218S,SR0218S_N
SP0519EB,SP0519E
SR0152S,SR0152S_N
SP0165SB,SP0165S
SE0104E,SE0102E
SP0140EH,SP0140E
SR0163RB,SR0163R
SP0165SB,SP0165S
SP0165SB,SP0165S
AMRY1124,AMRY1124
SR0121EDH,SR0121ED
SR0152S,SR0152S_N
SP0119TG,SP0119T
WRM_SR0778,WRM_SR0778
SR0164SB,SR0164S
WRM_SR0826,WRM_SR0826
AMPW1010,AMPW1010
SR0231SH,SR0231S
WRS_SR0218SH,WRS_SR0218SH
SP0169PH,SP0169PB
SR0155SB,SR0155S
SE0962BO,SE0962BO
SE0104TH,SE0102T
SR0310,WRM_SR0310
SP0149TB,SP0149T_N
SR0266RB,SR0266R
SR0202EG,SR0202E
SE0126SH,SE0126S
WRG_SR0671R,WRG_SR0671R
SR0218T,SR0218T_N
SR0112RB,SR0112R
SP0157SG,SP0157S
AMRW1223,AMRW1223
AMRW1174,AMRW1174
AGIF00200,AGIF00200
SE0104RB,SE0102R
AMPW1020,AMPW1020
SP0165SB,SP0165S
WRG_SR0671R,WRG_SR0671R
SR0152S,SR0152S_N
AMRW1208,AMRW1208
SP0149SB,SP0149S_N
AMRW1225,AMRW1225
SP0156SB,SP0108S
SE0142TB,SE0142T
SP0158TB,SP0158T
SR0160RH,SR0160R
SP0155SH,SP0155S
SP0155RB,SP0155R
AMRW1085,AMRW1085
WRG_SR0670R,WRG_SR0670R
SR0263SB,SR0263S
SR0202EG,SR0202E
SE0104SB,SE0102S
SP0166SH,SP0166S
SE0130SG,SE0130S
SR0103SB,SR0102S
WRM_SR0780,WRM_SR0780
SR0155TB,SR0155T
SE0104SB,SE0102S
SR0556D,WRD_SR0556D
SR0231RH,SR0231R
SR0148EH,SR0148E
SE0102TB,SE0102T
SP0149RH,SP0149R_N
SRY0110TB,SR0110T
AMRW1221,AMRW1221
SRY0118EB,SR0118E
SR0152T,SR0152T_N
SE0325BTH,SE0325BTH
SR0656ML,SR0656ML
SRY0153TH,SR0153T
SP0544S,SP0544S_N
SR0641CT,SR0641CT
SR0120S,SR0120S_N
SR0407G,SR0407G
SR0404SB,WREG_SR0404S
SR0218S,SR0218S_N
SP0156SB,SP0108S
AMRW1207,AMRW1207
SR0218SH,SR0218S_N
AMPW1008,AMPW1008
WR_SR0753,WR_SR0753
SR0163SB,SR0163S
SR0163EH,SR0163E
SR0163RB,SR0163R
SP0158TB,SP0158T
SE0104EB,SE0102E
AMRW1085,AMRW1085
AMPW1041,AMPW1041
SR0155SB,SR0155S
SP0376D,SP0376D
AMRW1137,AMRW1137
AMRW1085,AMRW1085
SR0110SH,SR0110S
SP0169EH,SP0169E
SR0114SH,SR0112S
SE0104T,SE0102T
SE0133SB,SE0133S
AMPW1004,AMPW1004
AMPW1001,AMPW1001
AMPY1022,AMPY1022
SP0518CTB,SP0518CTB
SR0101SDG,SR0101SD
SR0211EH,SR0211E
SE0105EG,SE0105E
AMEW1014,AMEW1014
AMPW1041,AMPW1041
AMPW1041,AMPW1041
SP0159RH,SP0159R
SR0218S,SR0218S_N
SR0101EDG,SR0101ED
AMPW1001,AMPW1001
AMPY1022,AMPY1022
AMRY1112,AMRY1112
SE0104RB,SE0102R
SR0354RH,SR0354R
SR0110SB,SR0110S
SR0169EB,SR0169E
SP0165SB,SP0165S
SR0101RH,SR0101R_N
SE0126RB,SE0126R
SR0102R,SR0103R
SR0152S,SR0152S_N
AMPW1008,AMPW1008
SR0241SL,SR0241SL
SE0952D,SE0952D
SR0263SB,SR0263S
WRM_SR0826,WRM_SR0826
SE0125SB,SE0125S
SP0149RB,SP0149R_N
AMPY1003,AMPY1003
AMRW1089,AMRW1089
SPY0119RB,SP0119R
SE0104SB,SE0102S
SP0150EB,SP0150E
SP0155RB,SP0155R
AMPW1001,AMPW1001
AMRW1206,AMRW1206
SE0143TB,SE0142T
SR0112RB,SR0112R
AMPW1024,AMPW1024
SR0128SL,SR0128SL
AMPW1006,AMPW1006
AMPW1002,AMPW1002
SR0218S,SR0218S_N
SE0952BLD,SE0952BLD
SE0105EB,SE0105E
SP0159TH,SP0159T
SE0130RB,SE0130R
SE0102RB,SE0102R
SR0153TH,SR0153T
SR0148EH,SR0148E
SR0164SB,SR0164S
SP0108TB,SP0108T
AMPW1001,AMPW1001
SR0263SB,SR0263S
SR0347EB,SR0347E
SE0127RB,SE0127R
AMRW1228,AMRW1228
AMRW1228,AMRW1228
SR0303,WRM_SR0303
SP0165SB,SP0165S
SE0104SB,SE0102S
SP0165SB,SP0165S
SP0152RB,SP0152R
SP0156SH,SP0108S
SR0160RB,SR0160R
SR0169SH,SR0169S
AMPW1009,AMPW1009
SR0148SB,SR0148S
SE0133GG,SE0133GB
AMRY1098,AMRY1098
SR0116EH,SR0116E
AMRW1250,AMRW1250
SR0169RB,SR0169R
SR0115TAQ,SR0115TAQ_N
AMRW1089,AMRW1089
SE0130SB,SE0130S
SP0159SB,SP0159S
SP0140R,SP0186R
SE0952BKD,SE0952BKD
AMPY1022,AMPY1022
SE0139RB,SE0139R
AMPW1004,AMPW1004
SP0519SH,SP0519S
SP0161TB,SP0161T
SP0161RH,SP0161R
SP0149SB,SP0149S_N
SP0155TB,SP0155T
SR0112SB,SR0112S
SR0112RB,SR0112R
SR0154SB,SR0154S
AMRW1242,AMRW1242
SR0169EB,SR0169E
SE0104RB,SE0102R
SR0110SB,SR0110S
AMRW1207,AMRW1207
SR0241SL,SR0241SL
SE0143T,SE0142T
SE0104E,SE0102E
SP0519EB,SP0519E
SR0163TB,SR0163T
SR0175EB,SR0175E
SR0133EB,SR0133E
SR0404SB,WREG_SR0404S
SR0404EB,WREG_SR0404E
AMRY1122,AMRY1122
SE0104RB,SE0102R
SR0218R,SR0218R_N
SR0215TH,SR0215T
AMRW1230,AMRW1230
SR0112SB,SR0112S
AMRW1091,AMRW1091
SR0242SL,SR0242SL_N
AMRW1113,AMRW1113
SP0149S,SP0149S_N
SR0263SL,SR0263SL
SR0211EB,SR0211E
SE0105RG,SE0105R
AMPW1004,AMPW1004
SR0112RB,SR0112R
WRM_SR0858,WRM_SR0858
SE0130SG,SE0130S
SP0102EG,SP0102E
SP0157SB,SP0157S
SP0159SG,SP0159S
AMRW1225,AMRW1225
AMRW1109,AMRW1109
AMRW1085,AMRW1085
SP0108SB,SP0108S
SE0104E,SE0102E
AMRY1209,AMRY1209
SP0159SB,SP0159S
AMRW1099,AMRW1099
SR0120SL,SR0120SL_N
SR0158T,SR0158T
SP0156SB,SP0108S
AMPW1028,AMPW1028
AMRW1223,AMRW1223
SP0108TB,SP0108T
SP0159RH,SP0159R
AMRY1118,AMRY1118
SE0104SB,SE0102S
SP0108TB,SP0108T
SR0112SB,SR0112S
SR0218R,SR0218R_N
SR0425EL,SR0425EL
AMRY1122,AMRY1122
SR0152TB,SR0152T_N
SE0104EB,SE0102E
SR0152SB,SR0152S_N
SR0112SB,SR0112S
AMRW1208,AMRW1208
SR0263SB,SR0263S
SPY0119RB,SP0119R
SP0169SB,SP0169S
AMPW1008,AMPW1008
SE0131RB,SE0131R
SR0175RB,SR0175R
SP0159SB,SP0159S
SR0164SB,SR0164S
SR0166AQ,SR0166AQ_N
AMPW1011,AMPW1011
SP0159SH,SP0159S
SR0164SB,SR0164S
SR0770RDR,SR0770RDR
SR0267EH,SR0267E
AMRW1109,AMRW1109
SP0155RB,SP0155R
SP0152SB,SP0152S
SE0952BKD,SE0952BKD
SE0104EB,SE0102E
AMPW1018,AMPW1018
SE0104TB,SE0102T
SR0404SB,WREG_SR0404S
SR0133RB,SR0133R
SP0519TB,SP0519T
SR0163RB,SR0163R
AMPW1041,AMPW1041
SP0158TB,SP0158T
SR0343SH,SR0343S
AMRW1226,AMRW1226
SE0105RG,SE0105R
SR0163RB,SR0163R
AMRW1250,AMRW1250
AMPY1022,AMPY1022
SD_SR0193D,SD_SR0193D_N
SR0148RB,SR0148R
SE0952BKD,SE0952BKD
SR0128SL,SR0128SL
SE0139TB,SE0139T
SR0354SH,SR0357S
AMEW1006,AMEW1006
SR0638CT,SR0638CT
AMPW1024,AMPW1024
SR0249TB,SR0249T
AMPY1022,AMPY1022
SR0206SL,SR0206SL
AMRW1234,AMRW1234
SR0133EB,SR0133E
AMRW1095,AMRW1095
AMRY1084,AMRY1084
SR0155SB,SR0155S
SP0540S_N,SP0540S_N
SD_SR0193D,SD_SR0193D_N
SE0104EB,SE0102E
SP0140R,SP0186R
AMPW1026,AMPW1026
SP0169RB,SP0169R
SE0139RB,SE0139R
SE0139RB,SE0139R
AMRW1250,AMRW1250
SP0166SB,SP0166S
SR0150RH,SR0150R
AMRW1208,AMRW1208
SR0169EB,SR0169E
SR0231SB,SR0231S
SE0105RG,SE0105R
SP0141PH,SP0141PB
SP0169TB,SP0169T
SP0519RH,SP0519R
AGIF00200,AGIF00200
SR0166AQ,SR0166AQ_N
SR0206SL,SR0206SL
SR0146SH,SR0146S_N
SR0158T,SR0158T
SP0169RB,SP0169R
SE0125TH,SE0125T
AMPW1011,AMPW1011
AMPW1020,AMPW1020
SR0146EB,SR0146E_N
SR0166AQ,SR0166AQ_N
WRMED_SR0831D,WRMED_SR0831D
SE0133G,SE0133GB
WRM_SR0778,WRM_SR0778
SR0151TH,SR0151T
SP0150RH,SP0150R
SE0102TB,SE0102T
SR0218S,SR0218S_N
SP0178EB,SP0178E
SR0146EB,SR0146E_N
SR0126SG,SR0126S
SP0165SB,SP0165S
SR0218PS,SR0218PS_N
SR0103RH,SR0103R
AMRW1231,AMRW1231
SR0404RB,WREG_SR0404R
SR0241EL,SR0241EL
SE0104EB,SE0102E
WRM_SR0830,WRM_SR0830
SP0152RB,SP0152R
WRMD_SR0774D,WRMD_SR0774D
AMRY1086,AMRY1086
SE0105SB,SE0107S
SP0519RH,SP0519R
SE0104RB,SE0102R
SR0148SB,SR0148S
AMRW1085,AMRW1085
SE0105RG,SE0105R
SP0150EB,SP0150E
AMRW1087,AMRW1087
AMRW1205,AMRW1205
SP0149R,SP0149R_N
WRM_SR0778,WRM_SR0778
SR0107RH,SR0107R
AMRW1229,AMRW1229
SE0104T,SE0102T
AMRY1098,AMRY1098
SE0104SB,SE0102S
AMPW1021,AMPW1021
SD_SR0193D,SD_SR0193D_N
SR0271SB,SR0271S
SR0115TAQ,SR0115TAQ_N
SE0104RB,SE0102R
SR0175RB,SR0175R
AMRW1250,AMRW1250
SR0150SB,SR0150S
SR0107EB,SR0107E
SR0103SB,SR0102S
AMRW1127,AMRW1127
SE0125RB,SE0125R
SE0105SG,SE0107S
SP0150RH,SP0150R
SP0519EH,SP0519E
SR0152R,SR0152R_N
AMRY1116,AMRY1116
SE0104EH,SE0102E
SR0152R,SR0152R_N
SE0952BKD,SE0952BKD
SR0245RB,SR0245R
SR0163RH,SR0163R
SR0114SL,SR0112SL
SE0952BLD,SE0952BLD
SE0102RB,SE0102R
SD_SR0193D,SD_SR0193D_N
SR0263SB,SR0263S
SE0920G,SE0920G
SR0407G,SR0407G
SR0206EL,SR0206EL
AMRW1099,AMRW1099
SE0125EB,SE0125E
SD_SR0193D,SD_SR0193D_N
SE0104EB,SE0102E
SP0150RH,SP0150R
WRD_SR0717D,WRD_SR0717D
SR0241EL,SR0241EL
SR0133SB,SR0133S
SR0272PR,SR0272PR
SP0156SB,SP0108S
SP0576CT,SP0576CT
SE0104SH,SE0102S
SR0133RH,SR0133R
AMPW1016,AMPW1016
SR0150SB,SR0150S
SE0133TB,SE0133T
SE0133TB,SE0133T
SR0223TB,SR0223T
SE0952BLD,SE0952BLD
AMRW1207,AMRW1207
SR0263SB,SR0263S
AMRW1127,AMRW1127
SR0263SB,SR0263S
SR0425EL,SR0425EL
SP0166SB,SP0166S
SR0245RB,SR0245R
SD_SR0193D,SD_SR0193D_N
SR0404SB,WREG_SR0404S
SE0262EL,SE0262EL
SR0202EG,SR0202E
AMPW1024,AMPW1024
AMRY1120,AMRY1120
SR0128SL,SR0128SL
SR0242SL,SR0242SL_N
SP0152SB,SP0152S
SP0376D,SP0376D
SR0104SB,SR0104S
AMRW1127,AMRW1127
AMRW1229,AMRW1229
SP0149RB,SP0149R_N
SE0127RB,SE0127R
SR0218S,SR0218S_N
SP0159SH,SP0159S
SE0104RB,SE0102R
SD_SR0193D,SD_SR0193D_N
AMPW1008,AMPW1008
SP0159TH,SP0159T
SR0218S,SR0218S_N
AMRW1085,AMRW1085
SR0152TH,SR0152T_N
SR0112EH,SR0112E
SE0104AMB,SE0102AMB
SP0155TB,SP0155T
SE0127SB,SE0127S
SR0152S,SR0152S_N
SD_SR0193D,SD_SR0193D_N
SP0152EH,SP0152E
SE0952BLD,SE0952BLD
SP0165SB,SP0165S
SR0149SL,SR0149SL
AMPW1002,AMPW1002
SD_SR0193D,SD_SR0193D_N
SR0190SL,SR0190SL
SR0128SL,SR0128SL
SP0149SB,SP0149S_N
SR0263SB,SR0263S
SR0152T,SR0152T_N
AMPW1002,AMPW1002
SR0149SL,SR0149SL
AMRW1085,AMRW1085
SP0166OPH,SP0166OPB
SE0125SB,SE0125S
AMEW1026,AMEW1026
AMRY1098,AMRY1098
SR0169RB,SR0169R
SR0163SB,SR0163S
AMPW1032,AMPW1032
SR0164OPG,SR0164OPB
SE0125SG,SE0125S
SR0226RB,SR0226R
SR0240SL,SR0240SL
AMPW1001,AMPW1001
SR0128SL,SR0128SL
SP0155TB,SP0155T
AMRW1085,AMRW1085
SP0144RB,SP0144R
WR_SR0753,WR_SR0753
SP0152EB,SP0152E
SP0169SB,SP0169S
SE0105RG,SE0105R
SP0159RH,SP0159R
SR0133RB,SR0133R
AMPY1022,AMPY1022
SR0263SB,SR0263S
WRMD_SR0774D,WRMD_SR0774D
SR0151SH,SR0151S
SP0159RH,SP0159R
AMRW1085,AMRW1085
AMRW1224,AMRW1224
SR0206EL,SR0206EL
SR0169RB,SR0169R
AMRW1234,AMRW1234
SE0139RB,SE0139R
SR0242EL_N,SR0242EL_N
AMPW1006,AMPW1006
SR0112AMG,SR0112AMB
SP0165SB,SP0165S
SR0169RB,SR0169R
SE0104RB,SE0102R
SP0540S,SP0540S_N
SP0159SG,SP0159S
AMRW1205,AMRW1205
SR0110SB,SR0110S
SR0151RH,SR0151R
SE0118EG,SE0118E
SR0167S,SR0167S
SE0952BKD,SE0952BKD
SE0952BLD,SE0952BLD
SR0648ML,SR0648ML
WRD_SR0702D,WRD_SR0702D
SR0651ML,SR0651ML
AMRW1226,AMRW1226
AMPW1009,AMPW1009
SP0166SB,SP0166S
SR0112SB,SR0112S
SP0149SB,SP0149S_N
WRM_SR0781,WRM_SR0781
SP0149TB,SP0149T_N
SR0169RB,SR0169R
SP0143EB,SP0143E
SE0104T,SE0102T
SP0108TB,SP0108T
AMPY1022,AMPY1022
SR0169SH,SR0169S
AMRW1010,AMRW1010
SP0159SB,SP0159S
SR0355TB,SR0355T
AMRY1098,AMRY1098
AMPY1022,AMPY1022
AMRW1228,AMRW1228
SE0104RB,SE0102R
SR0163RG,SR0163R
SE0102RB,SE0102R
WRD_SR0674D,WRD_SR0674D
SR0582D,WRD_SR0582D
SR0231TH,SR0231T
SR0115TAQ,SR0115TAQ_N
SP0519EB,SP0519E
SP0519SH,SP0519S
SR0163TB,SR0163T
SR0163RH,SR0163R
SE0125TB,SE0125T
SE0104T,SE0102T
AMEW1006,AMEW1006
AMPW1024,AMPW1024
AMPW1001,AMPW1001
SP0551S,SP0551S_N
SE0104RB,SE0102R
SE0104RB,SE0102R
SRY0118EB,SR0118E
SR0594SB,SR0594S
AMRW1240,AMRW1240
AMRW1242,AMRW1242
AMRW1242,AMRW1242
AMPW1008,AMPW1008
SP0165SB,SP0165S
SR0153TH,SR0153T
SP0166SB,SP0166S
SR0108TB,SR0107T
SR0152S,SR0152S_N
SE0104RB,SE0102R
SP0448CT,SP0448CT
SR0164SB,SR0164S
SP0108TB,SP0108T
SR0151SH,SR0151S
AMRW1085,AMRW1085
SR0112RB,SR0112R
SE0104RB,SE0102R
SR0211EB,SR0211E
SR0263SB,SR0263S
AMRW1207,AMRW1207
SP0519RH,SP0519R
SD_SR0193D,SD_SR0193D_N
AMPW1001,AMPW1001
SE0127OPH,SE0127OPB
AMRY1106,AMRY1106
AMPW1008,AMPW1008
SP0566RB,SP0566R
SR0101RH,SR0101R_N
SP0519RH,SP0519R
SR0218OPH,SR0218OPB
AMRW1205,AMRW1205
SE0121AMH,SE0121AMB
SR0249TH,SR0249T
SR0218R,SR0218R_N
SR0164SG,SR0164S
AMRY1120,AMRY1120
WRMD_SR0774D,WRMD_SR0774D
SP0166SB,SP0166S
AMEW1014,AMEW1014
SP0519SH,SP0519S
SR0112RH,SR0112R
SE0105SG,SE0107S
SR0112RB,SR0112R
SR0163SB,SR0163S
SR0212SB,SR0212S
SR0101RDG,SR0101RD
SP0149RB,SP0149R_N
SE0101SH,SE0101S_N
SE0952BKD,SE0952BKD
WRM_SR0847,WRM_SR0847
AMPY1003,AMPY1003
SR0152S,SR0152S_N
SP0155SB,SP0155S
SP0169RB,SP0169R
SE0104EB,SE0102E
SP0161EH,SP0161E
SE0104SB,SE0102S
SR0158T,SR0158T
SP0152EB,SP0152E
SR0148EH,SR0148E
SR0155SB,SR0155S
SR0218S,SR0218S_N
SR0263SB,SR0263S
SR0101EDB,SR0101ED
SEY0125RB,SE0125R
SR0126SG,SR0126S
SP0159SB,SP0159S
SP0169SB,SP0169S
SE0104T,SE0102T
SP0165SB,SP0165S
SR0267SB,SR0267S
SP0108SB,SP0108S
SR0169RH,SR0169R
SE0105RH,SE0105R
AMRW1236,AMRW1236
SE0952D,SE0952D
SR0241EL,SR0241EL
SE0962BO,SE0962BO
SE0104EB,SE0102E
SE0125TB,SE0125T
AMPW1020,AMPW1020
SR0162SH,SR0163S
SR0354RB,SR0354R
SE0106AQ,SE0107AQ
SR0221RB,SR0220R
SE0139TB,SE0139T
SE0952BKD,SE0952BKD
SR0121RDB,SR0121RD
SR0146EH,SR0146E_N
SE0952BKD,SE0952BKD
AMRW1224,AMRW1224
SE0104SB,SE0102S
AMRW1239,AMRW1239
AMPW1004,AMPW1004
SR0218E,SR0218E_N
SP0166SB,SP0166S
SR0128SL,SR0128SL
SP0519SH,SP0519S
SP0566RB,SP0566R
SR0112SB,SR0112S
AMRY1102,AMRY1102
WRD_SR0722D,WRD_SR0722D
SR0160TB,SR0160T
SE0104EB,SE0102E
SP0149RB,SP0149R_N
SE0125TB,SE0125T
SE0127RB,SE0127R
SPY0119RB,SP0119R
SR0354RH,SR0354R
SR0218S,SR0218S_N
SP0152RB,SP0152R
SE0104SB,SE0102S
AMPW1028,AMPW1028
SR0169SH,SR0169S
SE0104T,SE0102T
SR0160SH,SR0160S
SR0211EB,SR0211E
SR0218S,SR0218S_N
SP0152RB,SP0152R
SE0952D,SE0952D
SP0578LL,SP0578LL
SP0169SB,SP0169S
SE0104TH,SE0102T
SR0169EB,SR0169E
SE0125SB,SE0125S
SR0101SDH,SR0101SD
SR0101RDH,SR0101RD
SR0101EDH,SR0101ED
SR0164SB,SR0164S
SR0425EL,SR0425EL
SP0152RB,SP0152R
SP0159RH,SP0159R
AMPY1022,AMPY1022
SP0156SB,SP0108S
SP0578LL,SP0578LL
SP0155SB,SP0155S
SP0149RB,SP0149R_N
SP0165SB,SP0165S
AMRW1223,AMRW1223
SP0142EB,SP0143E
WRM_SR0882,WRM_SR0882
WRM_SR0882,WRM_SR0882
SR0101SDH,SR0101SD
SP0158TB,SP0158T
SR0108T,SR0107T
SE0104SB,SE0102S
SR0190SL,SR0190SL
AMRY1096,AMRY1096
AMRW1205,AMRW1205
SE0105SG,SE0107S
AMRW1205,AMRW1205
AMRY1102,AMRY1102
SR0581D,WRD_SR0581D
SR0112SB,SR0112S
SE0262RH,SE0262R
SR0155SB,SR0155S
SE0104EB,SE0102E
AMRY1102,AMRY1102
AMRW1174,AMRW1174
SE0125SG,SE0125S
SP0108TB,SP0108T
SP0149R,SP0149R_N
SR0358S,SR0357S
SP0152SB,SP0152S
SP0169TB,SP0169T
SP0149SB,SP0149S_N
AMRW1123,AMRW1123
AMRY1011,AMRY1011
SP0540S,SP0540S_N
SE0139RB,SE0139R
SE0952BLD,SE0952BLD
SR0112EB,SR0112E
SE0952BKD,SE0952BKD
SR0218S,SR0218S_N
SR0263SB,SR0263S
SP0140R,SP0186R
SP0161TB,SP0161T
SR0245RB,SR0245R
SR0115EWS,SR0115EWS_N
SE0102TB,SE0102T
SR0354S,SR0357S
AMRW1223,AMRW1223
SR0169EB,SR0169E
SR0118EB,SR0118E
SR0155SB,SR0155S
SP0150RH,SP0150R
SR0263SB,SR0263S
SR0128SL,SR0128SL
AMRY1090,AMRY1090
SP0159RH,SP0159R
SR0133RB,SR0133R
SE0104T,SE0102T
SE0952BKD,SE0952BKD
SR0118EB,SR0118E
SP0155SB,SP0155S
SR0112RB,SR0112R
SP0141AMG,SP0141AMB
SR0218S,SR0218S_N
SP0166SB,SP0166S
SE0104RB,SE0102R
SP0157SB,SP0157S
SR0157SB,SR0231S
SR0112SB,SR0112S
AMRW1207,AMRW1207
SP0166SB,SP0166S
AMPW1002,AMPW1002
SR0242RG,SR0242R
SR0242SL,SR0242SL_N
SR0218E,SR0218E_N
SR0242RG,SR0242R
SP0149SB,SP0149S_N
SP0166SB,SP0166S
SR0133RB,SR0133R
SE0104T,SE0102T
AMPW1014,AMPW1014
AMRY1084,AMRY1084
SE0104RB,SE0102R
SP0149TB,SP0149T_N
SP0108TB,SP0108T
SR0112RB,SR0112R
SR0112SB,SR0112S
SR0226EH,SR0226E
SR0152EL,SR0152EL
SR0354S,SR0357S
SR0347EB,SR0347E
AMRW1205,AMRW1205
SE0104EB,SE0102E
SR0267SB,SR0267S
SR0263SB,SR0263S
SE0952BKD,SE0952BKD
AMPW1002,AMPW1002
SP0149RB,SP0149R_N
SR0103RH,SR0103R
AMRW1239,AMRW1239
SR0169RB,SR0169R
SR0157SG,SR0231S
SR0146SL,SR0146SL_N
AMRW1085,AMRW1085
AMPW1020,AMPW1020
SR0152SH,SR0152S_N
SE0139TB,SE0139T
SR0169EB,SR0169E
SR0160EB,SR0160E
SR0133RB,SR0133R
SP0166SB,SP0166S
SR0219TH,SR0219T
SP0152RH,SP0152R
SE0104RB,SE0102R
AMRY1102,AMRY1102
SR0133EB,SR0133E
SE0130RB,SE0130R
WR_SR0836,WR_SR0836
WRM_SR0773,WRM_SR0773
AMRW1207,AMRW1207
SR0242RG,SR0242R
SR0754PS,SR0754PS
WR_SR0632D,WR_SR0632D
SP0152RB,SP0152R
WRM_SR0886,WRM_SR0886
WRM_SR0886,WRM_SR0886
WRM_SR0886,WRM_SR0886
SR0154SH,SR0154S
AMPW1024,AMPW1024
SE0102SH,SE0102S
AMRW1208,AMRW1208
SP0159TB,SP0159T
SP0519RH,SP0519R
SP0156SB,SP0108S
SP0141PG,SP0141PB
SE0105SB,SE0107S
SE0262TB,SE0262T
AMPW1002,AMPW1002
SR0152SH,SR0152S_N
SR0128SL,SR0128SL
SR0354T,SR0357T
SP0149TB,SP0149T_N
SR0103TG,SR0103T
SR0133RB,SR0133R
SR0152S,SR0152S_N
SE0104RB,SE0102R
SR0163SB,SR0163S
SP0166SB,SP0166S
SE0962BO,SE0962BO
SP0156SB,SP0108S
SR0763G,SR0763G
SR0223SB,SR0223S
SR0128SL,SR0128SL
SR0231TH,SR0231T
SP0144EB,SP0144E
AMRW1095,AMRW1095
AMRW1250,AMRW1250
SP0519RB,SP0519R
SR0163RB,SR0163R
AMRY1120,AMRY1120
SE0139RB,SE0139R
SR0355RG,SR0355R
WRM_SR0791,WRM_SR0791
WRM_SR0791,WRM_SR0791
SP0158TB,SP0158T
SE0139TB,SE0139T
SP0519TH,SP0519T
SR0263SH,SR0263S
SR0227RB,SR0227R
SR0218E,SR0218E_N
SE0132SG,SE0132S
SP0149TG,SP0149T_N
SE0104EB,SE0102E
SR0148RH,SR0148R
SB0101D,SB0101D
SP0159SB,SP0159S
AMPW1036,AMPW1036
SE0104SB,SE0102S
SR0152R,SR0152R_N
SE0952BKD,SE0952BKD
SR0149TB,SR0149T
SR0218E,SR0218E_N
SR0164SB,SR0164S
SR0133RB,SR0133R
AMPW1010,AMPW1010
SR0152S,SR0152S_N
AMRW1248,AMRW1248
SE0952D,SE0952D
SR0128SL,SR0128SL
AMPW1001,AMPW1001
SR0107SH,SR0107S
WRMD_SR0774D,WRMD_SR0774D
SP0165SB,SP0165S
SP0141PH,SP0141PB
SP0160S,SP0160S
AMRW1111,AMRW1111
AMRW1085,AMRW1085
SP0519SH,SP0519S
SR0354SB,SR0357S
SP0152TG,SP0152T
SP0142EB,SP0143E
SE0104SB,SE0102S
SR0415SB,SR0415S
SR0128SL,SR0128SL
AMRW1226,AMRW1226
SR0107EB,SR0107E
SR0157SB,SR0231S
SR0160TB,SR0160T
AMRY1120,AMRY1120
SE0104SB,SE0102S
SR0594SB,SR0594S
WRM_SR0773,WRM_SR0773
WRD_SR0717D,WRD_SR0717D
SE0952BLD,SE0952BLD
SP0102TH,SP0102T
SP0149TG,SP0149T_N
SE0104E,SE0102E
SR0152R,SR0152R_N
SE0162PR,SE0162PR
SE0139RB,SE0139R
SE0107EH,SE0105E
SE0105RG,SE0105R
SE0104SB,SE0102S
SR0167S,SR0167S
SR0404RB,WREG_SR0404R
SE0104SB,SE0102S
AMRW1225,AMRW1225
SP0140EB,SP0140E
SE0142TB,SE0142T
SR0163RB,SR0163R
SR0164SB,SR0164S
SP0158TB,SP0158T
SE0104T,SE0102T
SR0354RB,SR0354R
SR0170TH,SR0170T
SE0104RB,SE0102R
AMRW1224,AMRW1224
AMPW1004,AMPW1004
SE0104EB,SE0102E
AMRW1226,AMRW1226
AMRY1086,AMRY1086
WRD_SR0672D,WRD_SR0672D
SR0133EB,SR0133E
SE0104T,SE0102T
AMRY1120,AMRY1120
SE0104T,SE0102T
AMPW1023,AMPW1023
SP0150TB,SP0150T
SE0952BLD,SE0952BLD
SE0142TB,SE0142T
SR0160EB,SR0160E
SE0121OP,SE0121OPB
SR0108TB,SR0107T
SP0127TB,SP0127T
SR0603CR,SR0603CR
SR0605BT,SR0605BT
SE0952BKD,SE0952BKD
SR0110SB,SR0110S
SR0160TB,SR0160T
SP0566RB,SP0566R
SE0125RB,SE0125R
SP0165SB,SP0165S
SE0102TB,SE0102T
SE0105RG,SE0105R
SP0108EG,SP0108E
AMEW1019,AMEW1019
SP0159TG,SP0159T
AMRW1109,AMRW1109
AMRY1088,AMRY1088
SE0127RB,SE0127R
SPY0124RG,SPY0124R
SP0160AMG,SP0160AMB
SR0600D,WRD_SR0600D
AMRW1239,AMRW1239
SR0164SB,SR0164S
SP0152EH,SP0152E
SE0139TB,SE0139T
SE0102TB,SE0102T
SR0581D,WRD_SR0581D
AMRW1242,AMRW1242
SR0217SB,SR0217S
SP0124PB,SP0124PB
SP0143EB,SP0143E
AMRW1242,AMRW1242
SR0190SL,SR0190SL
SR0354E,SR0357E
AMRW1085,AMRW1085
AMRW1085,AMRW1085
SP0152EB,SP0152E
SE0125TB,SE0125T
SP0576CT,SP0576CT
SR0112SB,SR0112S
WRG_SR0671R,WRG_SR0671R
SR0218R,SR0218R_N
SE0142TB,SE0142T
SR0218S,SR0218S_N
SR0263SB,SR0263S
SE0105RG,SE0105R
SE0104SB,SE0102S
SE0105SB,SE0107S
SR0263SB,SR0263S
AMRW1228,AMRW1228
AMPW1023,AMPW1023
SE0104EB,SE0102E
AMPW1001,AMPW1001
SR0169EH,SR0169E
AMRW1085,AMRW1085
AMPW1001,AMPW1001
SR0263SB,SR0263S
SP0165SB,SP0165S
AMRW1085,AMRW1085
SE0125TB,SE0125T
WRD_SR0717D,WRD_SR0717D
WRM_SR0780,WRM_SR0780
SR0354S,SR0357S
SE0952D,SE0952D
SR0232SL,SR0232SL
AMRW1223,AMRW1223
SE0130SB,SE0130S
SP0153TB,SP0153T
SP0169SB,SP0169S
AMPW1028,AMPW1028
SP0158TB,SP0158T
SP0108SB,SP0108S
SP0108TB,SP0108T
SR0152SH,SR0152S_N
SP0150TB,SP0150T
SR0155RB,SR0155R
SD_SR0193D,SD_SR0193D_N
SR0112SB,SR0112S
SR0157SB,SR0231S
AMRW1097,AMRW1097
SR0169EB,SR0169E
SE0125TB,SE0125T
AMPW1041,AMPW1041
SE0325BTH,SE0325BTH
SR0218RH,SR0218R_N
AMRW1109,AMRW1109
SR0136TH,SR0136T
SP0108TB,SP0108T
SP0155TH,SP0155T
SR0263SB,SR0263S
SR0112SB,SR0112S
SR0128SL,SR0128SL
SE0125SB,SE0125S
SP0148RG,SP0148R_N
SE0121PH,SE0121PB
SP0141PH,SP0141PB
SP0152EB,SP0152E
SR0169SH,SR0169S
SP0165SB,SP0165S
SR0221RB,SR0220R
SP0155RB,SP0155R
SP0519TB,SP0519T
SR0354EH,SR0357E
SP0142EB,SP0143E
SP0144RB,SP0144R
SR0146SB,SR0146S_N
AMRW1085,AMRW1085
SD_SR0193D,SD_SR0193D_N
SP0140EH,SP0140E
SE0112TB,SE0112T
SP0519TB,SP0519T
SP0149TB,SP0149T_N
SE0952D,SE0952D
SR0118EB,SR0118E
AMRW1228,AMRW1228
AMRW1223,AMRW1223
AMRW1230,AMRW1230
AMRY1102,AMRY1102
SR0358T,SR0357T
SR0121RDH,SR0121RD
SE0125EG,SE0125E
SR0266RB,SR0266R
SE0104SB,SE0102S
SE0952D,SE0952D
WRD_SR0870D,WRD_SR0870D
AMRW1221,AMRW1221
AMRW1226,AMRW1226
SR0112AQ,SR0114AQ
SP0158TB,SP0158T
SP0108TB,SP0108T
SP0169SB,SP0169S
SE0101RB,SE0101R
SE0133SH,SE0133S
AMRY1084,AMRY1084
AMPY1027,AMPY1027
SR0116R,SR0116R_N
SP0159RH,SP0159R
SP0155EB,SP0155E
AMPY1022,AMPY1022
SE0107EH,SE0105E
AMPY1022,AMPY1022
AMPW1023,AMPW1023
SP0144RB,SP0144R
SR0235TH,SR0235T
SR0336TH,SR0336T
SE0952BLD,SE0952BLD
SR0218SH,SR0218S_N
SD_SR0193D,SD_SR0193D_N
AMRW1234,AMRW1234
SE0130SG,SE0130S
SE0104RB,SE0102R
SP0155EB,SP0155E
SR0679ML,SR0679ML
AMRW1224,AMRW1224
SP0159SB,SP0159S
SE0104SB,SE0102S
SR0164SB,SR0164S
SE0105RG,SE0105R
AMRW1085,AMRW1085
SR0162S,SR0163S
AMPW1002,AMPW1002
SR0112SB,SR0112S
SR0217EG,SR0217E
SR0242TB,SR0242T
SE0262TH,SE0262T
WRM_SR0830,WRM_SR0830
WRD_SR0581D,WRD_SR0581D
AMPW1009,AMPW1009
AMRW1223,AMRW1223
SP0119RB,SP0119R
SR0108RH,SR0107R
AMRY1122,AMRY1122
WRM_SR0828,WRM_SR0828
SE0952BKD,SE0952BKD
AMRW1225,AMRW1225
SR0190SL,SR0190SL
AMRW1085,AMRW1085
SP0159RH,SP0159R
SR0112SB,SR0112S
SR0102R,SR0103R
WRG_SR0670R,WRG_SR0670R
SE0139EG,SE0139E
SR0217EG,SR0217E
SE0952D,SE0952D
SE0107EB,SE0105E
SE0105RG,SE0105R
SP0519RH,SP0519R
SR0245RH,SR0245R
WRG_SR0671R,WRG_SR0671R
SE0130TB,SE0130T
SR0271SB,SR0271S
SE0952D,SE0952D
SR0582D,WRD_SR0582D
SP0150RH,SP0150R
SE0102TB,SE0102T
SP0152RB,SP0152R
SE0104EB,SE0102E
SR0114SB,SR0112S
SR0148SB,SR0148S
AMRW1113,AMRW1113
SP0149RB,SP0149R_N
SE0104EB,SE0102E
SE0127TB,SE0127T
SP0166SB,SP0166S
SP0165SB,SP0165S
AMRW1089,AMRW1089
SE0102RB,SE0102R
SR0112GH,SR0112GB
AMRW1239,AMRW1239
AMPY1003,AMPY1003
SR0118EB,SR0118E
SE0104SB,SE0102S
AMRW1099,AMRW1099
AMRW1085,AMRW1085
SR0200SG,SR0200S
SR0110TB,SR0110T
SR0110TB,SR0110T
SR0223TH,SR0223T
SP0159RH,SP0159R
AMRW1207,AMRW1207
AMRW1207,AMRW1207
SR0231RG,SR0231R
SP0166SB,SP0166S
SR0226RB,SR0226R
AMRY1090,AMRY1090
SR0126SG,SR0126S
SR0160TB,SR0160T
SE0104T,SE0102T
SP0136EG,SP0135E
SR0358S,SR0357S
SR0245RB,SR0245R
SD_SE0224E,SD_SE0224E
AMPW1041,AMPW1041
AMPY1003,AMPY1003
SE0126RB,SE0126R
SR0112SB,SR0112S
SP0148RH,SP0148R_N
SE0126RB,SE0126R
AMRW1085,AMRW1085
SR0115EWS,SR0115EWS_N
SP0129EB,SP0129E
SP0169SB,SP0169S
AMRW1250,AMRW1250
SR0101EH,SR0101E
SE0104SB,SE0102S
SP0152RB,SP0152R
SR0107RH,SR0107R
AMRY1092,AMRY1092
SC0117,SC0117
WRM_SR0780,WRM_SR0780
WRM_SR0838,WRM_SR0838
WRM_SR0780,WRM_SR0780
SE0104SB,SE0102S
AMRY1120,AMRY1120
SR0112RB,SR0112R
WRD_SR0866D,WRD_SR0866D
SR0215EH,SR0215E
SE0133RG,SE0133R
SE0104EB,SE0102E
SR0218S,SR0218S_N
SR0240SL,SR0240SL
SE0104SB,SE0102S
SR0166AQ,SR0166AQ_N
SE0104RB,SE0102R
SR0263SB,SR0263S
SR0133SB,SR0133S
SP0149R,SP0149R_N
SP0141AM,SP0141AMB
SR0169TB,SR0169T
SE0104SB,SE0102S
SP0169SB,SP0169S
AMRW1240,AMRW1240
SR0190SL,SR0190SL
SE0104SB,SE0102S
SE0121OPG,SE0121OPB
SE0104EB,SE0102E
SP0152EB,SP0152E
AMPW1001,AMPW1001
SR0556D,WRD_SR0556D
AMRW1089,AMRW1089
SR0112RH,SR0112R
SR0347TG,SR0347T
SE0125SB,SE0125S
SE0102TB,SE0102T
SP0155TB,SP0155T
SR0231TB,SR0231T
SE0104SB,SE0102S
SE0104SB,SE0102S
SR0101RDH,SR0101RD
SP0184RH,SP0184R
SR0162SB,SR0163S
AMRW1234,AMRW1234
WRMED_SR0785D,WRMED_SR0785D
AMRW1205,AMRW1205
SE0104T,SE0102T
AMPW1001,AMPW1001
AMPW1041,AMPW1041
WRM_SR0853,WRM_SR0853
WRD_SR0702D,WRD_SR0702D
SR0112SB,SR0112S
SE0952D,SE0952D
SR0103TB,SR0103T
WRD_SR0704D,WRD_SR0704D
SP0141AMG,SP0141AMB
SP0166SB,SP0166S
SR0218R,SR0218R_N
SR0218RH,SR0218R_N
SR0128SL,SR0128SL
SR0110TH,SR0110T
SP0150RH,SP0150R
AMPW1001,AMPW1001
SR0162SH,SR0163S
SP0166SB,SP0166S
SP0159RB,SP0159R
SE0952BKD,SE0952BKD
AMRW1085,AMRW1085
SR0169SH,SR0169S
AMRW1229,AMRW1229
SP0155SB,SP0155S
SE0104SB,SE0102S
SE0104SB,SE0102S
AMRW1231,AMRW1231
SR0200SG,SR0200S
SR0102R,SR0103R
SR0404RB,WREG_SR0404R
SP0149R,SP0149R_N
SE0262TB,SE0262T
SP0162RG,SP0162R
SR0149SL,SR0149SL
SE0105RG,SE0105R
SR0118EB,SR0118E
SP0140R,SP0186R
SP0160PT,SP0160PT
SP0158TB,SP0158T
SD_SR0193D,SD_SR0193D_N
SR0112RB,SR0112R
SR0112SB,SR0112S
SE0104EB,SE0102E
SR0242RG,SR0242R
SE0125SB,SE0125S
SR0126SG,SR0126S
SP0141OP,SP0141OPB
SE0130SG,SE0130S
SP0169SB,SP0169S
SE0139RB,SE0139R
SP0448CT,SP0448CT
SP0141PH,SP0141PB
SE0121PH,SE0121PB
SR0240SL,SR0240SL
SR0351RH,SR0351R
SR0603CR,SR0603CR
SP0108TB,SP0108T
SE0105RG,SE0105R
AMRW1016,AMRW1016
SE0142TB,SE0142T
SR0152T,SR0152T_N
SR0164SB,SR0164S
SP0108EH,SP0108E
SP0169SB,SP0169S
SP0152EB,SP0152E
SP0141CTB,SP0141CTB
AMRW1091,AMRW1091
SR0594SB,SR0594S
SP0142EB,SP0143E
SR0242EL_N,SR0242EL_N
SR0206SL,SR0206SL
AMRY1098,AMRY1098
AMPW1024,AMPW1024
SP0166SH,SP0166S
SE0104SH,SE0102S
SP0166OPH,SP0166OPB
SE0130SG,SE0130S
AMPW1009,AMPW1009
AMRW1205,AMRW1205
SR0160TH,SR0160T
SE0104E,SE0102E
SR0216SB,SR0216S
SE0104T,SE0102T
SP0158TB,SP0158T
SP0156SB,SP0108S
SR0133SB,SR0133S
AMRY1122,AMRY1122
SE0125TB,SE0125T
EMOP0001SC,EMOP0001SC
SR0169SH,SR0169S
SP0159RB,SP0159R
AMPY1022,AMPY1022
SR0211EB,SR0211E
SR0754PS,SR0754PS
SE0104SB,SE0102S
AMRW1226,AMRW1226
SR0263SB,SR0263S
SR0218S,SR0218S_N
SR0425SL,SR0425SL
SP0141PH,SP0141PB
SP0169TB,SP0169T
SR0160EB,SR0160E
SR0169SH,SR0169S
SE0104RB,SE0102R
WRM_SR0773,WRM_SR0773
SR0150RB,SR0150R
SP0108TB,SP0108T
SR0111SB,SR0111S
SP0566TB,SP0566T
AMRW1121,AMRW1121
AMRY1120,AMRY1120
AMPW1002,AMPW1002
AMEW1006,AMEW1006
SR0218E,SR0218E_N
SP0159RH,SP0159R
SR0169TB,SR0169T
AMRW1205,AMRW1205
SR0169SH,SR0169S
AMRY1102,AMRY1102
SD_SR0193D,SD_SR0193D_N
AMPY1022,AMPY1022
AMPY1022,AMPY1022
SE0104RB,SE0102R
SE0104SB,SE0102S
SR0112SB,SR0112S
SE0952D,SE0952D
SR0112RB,SR0112R
SR0164SB,SR0164S
SR0157GB,SR0157GB
SP0166SB,SP0166S
SE0104SB,SE0102S
SE0125SH,SE0125S
AMRY1090,AMRY1090
AMPW1002,AMPW1002
SP0159SB,SP0159S
SR0128SL,SR0128SL
AMRW1234,AMRW1234
AMRW1214,AMRW1214
AMRW1085,AMRW1085
AMRY1092,AMRY1092
SP0152RB,SP0152R
SR0167S,SR0167S
AMRW1224,AMRW1224
AMRW1097,AMRW1097
SP0519RB,SP0519R
SR0167S,SR0167S
SP0159TB,SP0159T
SE0107EH,SE0105E
AMPW1001,AMPW1001
SR0152S,SR0152S_N
AMRY1084,AMRY1084
AMRW1208,AMRW1208
SE0104SB,SE0102S
SE0104E,SE0102E
AMRW1085,AMRW1085
SP0149RB,SP0149R_N
SR0112OPH,SR0112OPB
SP0155RB,SP0155R
SR0310,WRM_SR0310
SR0150SG,SR0150S
SP0169SB,SP0169S
SP0540S,SP0540S_N
SR0133EB,SR0133E
SR0347TH,SR0347T
SR0327SL,SR0327SL
SR0155PH,SR0155GB
AMPW1002,AMPW1002
SD_SE0224E,SD_SE0224E
SR0148EH,SR0148E
SP0152RG,SP0152R
SE0104SB,SE0102S
SP0370D,SP0370D
WRD_SR0797D,WRD_SR0797D
SR0101EH,SR0101E
SE0127TB,SE0127T
SP0152SB,SP0152S
SR0160SG,SR0160S
SR0107EB,SR0107E
AMRW1085,AMRW1085
SP0566SB,SP0566S
SR0582D,WRD_SR0582D
AMRW1085,AMRW1085
SE0104EB,SE0102E
SR0112EB,SR0112E
SP0169PH,SP0169PB
AMRW1085,AMRW1085
AMRW1229,AMRW1229
SR0272PR,SR0272PR
SP0166SG,SP0166S
AMRW1085,AMRW1085
AMRY1084,AMRY1084
SP0144TG,SP0144T
SP0108TB,SP0108T
SE0104EB,SE0102E
SR0133RB,SR0133R
SR0218SH,SR0218S_N
SR0160RG,SR0160R
SP0155SB,SP0155S
AMRY1098,AMRY1098
SE0105EB,SE0105E
SE0104T,SE0102T
SR0175RB,SR0175R
SR0357TG,SR0357T
SR0169RH,SR0169R
SP0159RH,SP0159R
SP0166OPH,SP0166OPB
SP0452TB,SP0452T
SR0169TB,SR0169T
AMRY1116,AMRY1116
SR0327SL,SR0327SL
SR0151EH,SR0151E
SR0128SL,SR0128SL
SR0107RH,SR0107R
AMRY1011,AMRY1011
WRS_SR0218SH,WRS_SR0218SH
SR0218S,SR0218S_N
SR0164SL,SR0164SL
SR0162SH,SR0163S
SP0165SB,SP0165S
SR0158T,SR0158T
SP0108TB,SP0108T
SR0425SL,SR0425SL
SP0519SH,SP0519S
SE0952BKD,SE0952BKD
SP0519TH,SP0519T
SR0355TB,SR0355T
SE0952BLD,SE0952BLD
AMRY1096,AMRY1096
SR0218S,SR0218S_N
SP0540S,SP0540S_N
AMRY1098,AMRY1098
SR0118EH,SR0118E
SP0156SB,SP0108S
AMRW1218,AMRW1218
AMRW1085,AMRW1085
SP0169TB,SP0169T
AMRW1221,AMRW1221
SR0133EH,SR0133E
AMRW1097,AMRW1097
SE0104RB,SE0102R
SP0519TB,SP0519T
SE0105RG,SE0105R
AMRW1016,AMRW1016
AMRW1016,AMRW1016
SE0105RG,SE0105R
SE0143T,SE0142T
SE0104T,SE0102T
AMRW1226,AMRW1226
SR0133SB,SR0133S
AMRY1084,AMRY1084
SP0161TB,SP0161T
SR0163RB,SR0163R
SP0108SB,SP0108S
SE0136EH,SE0136E
SR0169EB,SR0169E
SE0952BLD,SE0952BLD
AMPW1001,AMPW1001
SR0112RB,SR0112R
SP0576CT,SP0576CT
AMRW1230,AMRW1230
AMPW1004,AMPW1004
SE0952BKD,SE0952BKD
SE0952BKD,SE0952BKD
SE0142TB,SE0142T
SR0263SH,SR0263S
AMRY1104,AMRY1104
AMRY1102,AMRY1102
AMRW1206,AMRW1206
SE0140RB,SE0140R
SE0952BLD,SE0952BLD
SD_SR0193D,SD_SR0193D_N
AMPW1018,AMPW1018
SR0163SB,SR0163S
SR0112RB,SR0112R
AMRW1113,AMRW1113
SE0952D,SE0952D
SE0133GH,SE0133GB
SP0159TH,SP0159T
AMPW1020,AMPW1020
WRM_SR0826,WRM_SR0826
SR0272PR,SR0272PR
AMRW1174,AMRW1174
SR0404EB,WREG_SR0404E
SR0128SL,SR0128SL
AMPW1023,AMPW1023
WRMED_SR0844D,WRMED_SR0844D
SR0112OPG,SR0112OPB
SP0152RB,SP0152R
SP0160PT,SP0160PT
SP0142EG,SP0143E
SE0104SB,SE0102S
SR0163SB,SR0163S
SR0153SG,SR0153S
SR0200SG,SR0200S
AMRY1120,AMRY1120
SE0952BKD,SE0952BKD
SE0104SB,SE0102S
SR0245RB,SR0245R
SP0529GHX,SP0529GHX
SR0128SL,SR0128SL
SE0952BLD,SE0952BLD
SP0156S,SP0108S
WR_SR0753,WR_SR0753
SP0141AMH,SP0141AMB
SR0148SB,SR0148S
AMRW1224,AMRW1224
WRM_SR0778,WRM_SR0778
SR0214RB,SR0214R
SR0245RB,SR0245R
WRG_SR0671R,WRG_SR0671R
SR0101EB,SR0101E
SE0104T,SE0102T
SE0104T,SE0102T
SE0104RB,SE0102R
SE0104TH,SE0102T
SR0241EL,SR0241EL
AMRW1085,AMRW1085
SE0140RB,SE0140R
SE0127RB,SE0127R
SP0159EB,SP0159E
SP0169SB,SP0169S
SR0169SB,SR0169S
WRMED_SR0844D,WRMED_SR0844D
SE0142TB,SE0142T
SR0218RL,SR0218RL
SR0163RB,SR0163R
SR0164SB,SR0164S
AMRW1107,AMRW1107
WRD_SR0752D,WRD_SR0752D
WRM_SR0832,WRM_SR0832
SR0103RH,SR0103R
SE0105SH,SE0107S
SP0159SB,SP0159S
AMRW1174,AMRW1174
SE0102TB,SE0102T
AMRW1085,AMRW1085
WRM_SR0884,WRM_SR0884
WRM_SR0884,WRM_SR0884
SR0164SB,SR0164S
SR0162S,SR0163S
SR0128SL,SR0128SL
SP0159SB,SP0159S
SR0219TH,SR0219T
WRM_SR0776,WRM_SR0776
AMRW1085,AMRW1085
AMRW1085,AMRW1085
SE0125EB,SE0125E
WRM_SR0886,WRM_SR0886
SP0149R,SP0149R_N
SR0128SL,SR0128SL
SE0105RH,SE0105R
AMRW1208,AMRW1208
SR0126SG,SR0126S
AMRW1127,AMRW1127
AMRY1096,AMRY1096
AMRW1229,AMRW1229
SR0112OPH,SR0112OPB
SR0581D,WRD_SR0581D
SR0218S,SR0218S_N
SR0226SB,SR0226S
SR0218RH,SR0218R_N
SP0458EB,SP0458E
SR0355TB,SR0355T
SR0126SG,SR0126S
SE0132SB,SE0132S
SE0104T,SE0102T
SP0148SB,SP0148S_N
SR0118EB,SR0118E
AMRW1174,AMRW1174
SR0241EL,SR0241EL
SE0130EH,SE0130E
SR0160EB,SR0160E
SR0128SL,SR0128SL
SP0155RB,SP0155R
SR0327SL,SR0327SL
AMRW1239,AMRW1239
AMRY1209,AMRY1209
AMPW1011,AMPW1011
SR0241SL,SR0241SL
AMEW1007,AMEW1007
SR0151TH,SR0151T
SE0104RB,SE0102R
AMRW1221,AMRW1221
SR0133EB,SR0133E
SP0519RB,SP0519R
AMPW1006,AMPW1006
SP0155RB,SP0155R
SR0169ML,SR0169ML
SP0152RB,SP0152R
SP0155TB,SP0155T
WRM_SR0832,WRM_SR0832
SR0271SB,SR0271S
YS_SP0102D,YS_SP0102D
AMRW1239,AMRW1239
SE0125SB,SE0125S
SR0128SL,SR0128SL
SP0155SB,SP0155S
SR0164SB,SR0164S
SP0162RH,SP0162R
WRG_SR0697R,WRG_SR0697R
SR0148EH,SR0148E
SP0165SH,SP0165S
AMPW1004,AMPW1004
AMRY1084,AMRY1084
SE0104T,SE0102T
SR0148EH,SR0148E
SP0159TB,SP0159T
AMRY1124,AMRY1124
AMRW1174,AMRW1174
SE0105RG,SE0105R
AMRW1085,AMRW1085
SE0105SB,SE0107S
SR0168OPH,SR0164OPB
AMPW1001,AMPW1001
AMRW1207,AMRW1207
SR0169SH,SR0169S
SR0169EB,SR0169E
SP0165SB,SP0165S
SR0146EH,SR0146E_N
SR0101EH,SR0101E
AMPY1022,AMPY1022
AMRW1250,AMRW1250
SP0165SB,SP0165S
SP0155TB,SP0155T
SE0104RB,SE0102R
SR0112RB,SR0112R
SR0354SH,SR0357S
SR0156SH,SR0156S
SE0139TB,SE0139T
SE0104SG,SE0102S
SR0175RB,SR0175R
SR0163TB,SR0163T
SR0101RH,SR0101R_N
SE0127RB,SE0127R
SP0149TB,SP0149T_N
SE0952BKD,SE0952BKD
SR0169SH,SR0169S
SR0152R,SR0152R_N
SP0141AMG,SP0141AMB
SE0121AMG,SE0121AMB
SR0112EG,SR0112E
SP0159TH,SP0159T
SP0165SB,SP0165S
SP0169SB,SP0169S
SR0556D,WRD_SR0556D
WRMED_SR0844D,WRMED_SR0844D
SP0158TG,SP0158T
SE0104SB,SE0102S
SR0427SB,SR0427S
SR0272PR,SR0272PR
AMRY1122,AMRY1122
SR0231RG,SR0231R
SR0639BT,SR0639BT
SR0354T,SR0357T
WRG_SR0670R,WRG_SR0670R
SR0118EB,SR0118E
SR0108T,SR0107T
SR0245RB,SR0245R
SE0952BKD,SE0952BKD
AMRW1109,AMRW1109
SP0155TB,SP0155T
SP0519EB,SP0519E
SP0148RH,SP0148R_N
SP0152SB,SP0152S
AMPY1003,AMPY1003
AMPW1020,AMPW1020
SE0112TB,SE0112T
AMEW1007,AMEW1007
AMPW1018,AMPW1018
SE0952BLD,SE0952BLD
SR0128SL,SR0128SL
AMRY1120,AMRY1120
AMRY1084,AMRY1084
AMRY1084,AMRY1084
SP0165SB,SP0165S
SE0143TB,SE0142T
SP0169TB,SP0169T
SR0120S,SR0120S_N
SP0141OPG,SP0141OPB
WRMED_SR0844D,WRMED_SR0844D
SR0272PR,SR0272PR
AMRW1221,AMRW1221
SR0152S,SR0152S_N
SR0153SL,SR0153SL
SR0152SL,SR0152SL_N
SR0104SG,SR0104S
SP0156SB,SP0108S
SE0104RB,SE0102R
SE0104T,SE0102T
SR0149SL,SR0149SL
SP0159TB,SP0159T
SR0107TB,SR0107T
SP0396D,SP0396D
SP0152SB,SP0152S
SR0155SB,SR0155S
SP0148SB,SP0148S_N
SR0582D,WRD_SR0582D
SP0149RB,SP0149R_N
SE0162PR,SE0162PR
EMOP0001SC,EMOP0001SC
AMPW1020,AMPW1020
SE0952BKD,SE0952BKD
SE0952BLD,SE0952BLD
SR0169RB,SR0169R
SR0231RH,SR0231R
SP0152RB,SP0152R
SE0105EB,SE0105E
SP0161EG,SP0161E
AMPW1001,AMPW1001
SE0142TB,SE0142T
SE0125RH,SE0125R
AMRY1098,AMRY1098
SE0130RB,SE0130R
SD_SE0193D,SD_SR0193D_N
SR0160TH,SR0160T
SR0683PS,SR0683PS
SR0146EB,SR0146E_N
SP0166OPH,SP0166OPB
SR0227RB,SR0227R
SR0301D,WRM_SR0301D
SR0301D,WRM_SR0301D
SP0519RH,SP0519R
SR0404RB,WREG_SR0404R
AMRW1109,AMRW1109
AMRW1218,AMRW1218
AMPW1001,AMPW1001
AMRW1218,AMRW1218
SR0215EB,SR0215E
SE0125SB,SE0125S
AMRY1096,AMRY1096
AMRW1236,AMRW1236
AMPW1009,AMPW1009
SE0952BKD,SE0952BKD
SP0155TB,SP0155T
AMRY1086,AMRY1086
SP0156SG,SP0108S
SR0241SL,SR0241SL
WRM_SR0882,WRM_SR0882
SR0128SL,SR0128SL
SR0112SB,SR0112S
SR0221RB,SR0220R
SR0169EB,SR0169E
WRM_SR0826,WRM_SR0826
SR0112SB,SR0112S
SP0159SB,SP0159S
SP0540S,SP0540S_N
SE0952BKD,SE0952BKD
AMRY1102,AMRY1102
SR0160EB,SR0160E
SP0519SH,SP0519S
SE0952BKD,SE0952BKD
SR0112RB,SR0112R
AMRW1207,AMRW1207
SE0107EH,SE0105E
SP0169RB,SP0169R
SR0221RB,SR0220R
SP0519SG,SP0519S
SP0152RB,SP0152R
AMRY1098,AMRY1098
WR_SR0753,WR_SR0753
SR0218RH,SR0218R_N
AMPY1022,AMPY1022
AMPW1002,AMPW1002
AMRW1085,AMRW1085
SE0127RB,SE0127R
SP0149TB,SP0149T_N
SR0217SL,SR0217SL
AMPW1004,AMPW1004
SR0242EL_N,SR0242EL_N
SP0169EH,SP0169E
SR0218E,SR0218E_N
AMRW1241,AMRW1241
SP0165SB,SP0165S
SR0112SG,SR0112S
SD_SR0193D,SD_SR0193D_N
SE0102SX,SE0102SX
SP0142EB,SP0143E
SP0149SB,SP0149S_N
SP0149RB,SP0149R_N
SE0130RB,SE0130R
SE0104RB,SE0102R
SR0358T,SR0357T
SR0169RB,SR0169R
SP0161TB,SP0161T
SP0108SB,SP0108S
SP0159RH,SP0159R
SP0165SB,SP0165S
SP0142EH,SP0143E
SR0148EH,SR0148E
SR0218S,SR0218S_N
SR0163TB,SR0163T
SR0218S,SR0218S_N
SP0159RH,SP0159R
SP0169RB,SP0169R
AMRW1207,AMRW1207
SP0169TB,SP0169T
SP0169SB,SP0169S
SR0163TB,SR0163T
AMPW1011,AMPW1011
SE0112TB,SE0112T
AMRW1207,AMRW1207
AMRY1104,AMRY1104
SR0354S,SR0357S
SEY0101RG,SE0101R
SR0218E,SR0218E_N
SP0566EB,SP0566E
SR0146S,SR0146S_N
SR0157SB,SR0231S
SR0160SG,SR0160S
SE0104SH,SE0102S
SR0190SL,SR0190SL
SP0166SB,SP0166S
WRM_SR0826,WRM_SR0826
SP0159RH,SP0159R
SP0156SB,SP0108S
SE0125SB,SE0125S
SP0156SB,SP0108S
SE0127TB,SE0127T
SP0152EH,SP0152E
AMRW1223,AMRW1223
AMRW1221,AMRW1221
SE0104E,SE0102E
SE0125SB,SE0125S
AMRW1236,AMRW1236
AMRW1085,AMRW1085
SR0101TH,SR0101T
SR0263SB,SR0263S
SR0169RB,SR0169R
SP0166SB,SP0166S
SE0130SG,SE0130S
SP0166SB,SP0166S
SR0218S,SR0218S_N
SR0263SB,SR0263S
SR0225EH,SR0225E
SP0141AMG,SP0141AMB
AMRW1241,AMRW1241
SE0104T,SE0102T
SP0149RB,SP0149R_N
SE0952BKD,SE0952BKD
SE0104EB,SE0102E
SRY0118E,SR0118E
SP0169SB,SP0169S
SR0683AQ,SR0683AQ
SP0149RB,SP0149R_N
SR0112RB,SR0112R
AMRW1208,AMRW1208
SR0169SB,SR0169S
SE0104SB,SE0102S
SP0153TB,SP0153T
SR0177SL,SR0177SL
SR0190SL,SR0190SL
SR0112OPG,SR0112OPB
SE0104TB,SE0102T
SR0683AQ,SR0683AQ
SP0155SB,SP0155S
SR0163SB,SR0163S
SP0155RB,SP0155R
SR0126SG,SR0126S
SR0242EL_N,SR0242EL_N
SE0104SB,SE0102S
SP0566SB,SP0566S
SR0164SB,SR0164S
SR0163SB,SR0163S
SP0159TB,SP0159T
SR0271SB,SR0271S
SR0112RB,SR0112R
SP0141PB,SP0141PB
AMRW1207,AMRW1207
SP0152RB,SP0152R
AMRW1085,AMRW1085
SE0133GH,SE0133GB
SP0166SB,SP0166S
SR0241SL,SR0241SL
SR0148EH,SR0148E
SP0108SB,SP0108S
AMPW1028,AMPW1028
SP0166SB,SP0166S
AMPW1001,AMPW1001
SE0105RG,SE0105R
SR0226EG,SR0226E
AMPW1013,AMPW1013
SR0242RG,SR0242R
SE0104EB,SE0102E
SR0150SB,SR0150S
SE0104RB,SE0102R
SE0121PH,SE0121PB
SP0141PH,SP0141PB
SP0152RB,SP0152R
SP0150RH,SP0150R
SP0165SB,SP0165S
SE0104SB,SE0102S
SR0157GB,SR0157GB
SE0104SB,SE0102S
SP0156SB,SP0108S
WRG_SR0671S,WRG_SR0671S
SP0152EB,SP0152E
WRM_SR0826,WRM_SR0826
SR0594TB,SR0594T
AMRY1118,AMRY1118
AMRY1102,AMRY1102
SP0166SB,SP0166S
AMPW1004,AMPW1004
SP0149SG,SP0149S_N
AMPY1022,AMPY1022
SR0263SB,SR0263S
SR0152T,SR0152T_N
SE0952BKD,SE0952BKD
AMRW1089,AMRW1089
SR0112GH,SR0112GB
AMRW1085,AMRW1085
SR0217EG,SR0217E
SP0108TB,SP0108T
SE0102TB,SE0102T
SR0160TB,SR0160T
SP0519RH,SP0519R
SE0952BKD,SE0952BKD
AMPY1022,AMPY1022
SE0952D,SE0952D
SE0952D,SE0952D
SE0952D,SE0952D
SE0104RB,SE0102R
SE0104SB,SE0102S
SR0112SB,SR0112S
SR0114S,SR0112S
SR0168OPH,SR0164OPB
SR0245RB,SR0245R
SP0150TB,SP0150T
AMPW1001,AMPW1001
SR0157SB,SR0231S
AMRW1225,AMRW1225
SR0163SB,SR0163S
SR0169SH,SR0169S
AMPW1041,AMPW1041
SP0519RB,SP0519R
WR_SR0836,WR_SR0836
SP0155SB,SP0155S
SR0158T,SR0158T
SE0104T,SE0102T
SE0125TB,SE0125T
SR0420GB,SR0420GB
SP0149S,SP0149S_N
SP0519TB,SP0519T
SR0272PR,SR0272PR
SR0133RH,SR0133R
AMPY1022,AMPY1022
AMRW1251,AMRW1251
SR0149SG,SR0149S
SP0149SB,SP0149S_N
SR0347EH,SR0347E
SR0202EG,SR0202E
SR0169EH,SR0169E
SR0152R,SR0152R_N
SP0166SB,SP0166S
SP0155TB,SP0155T
SR0245RB,SR0245R
SR0112OPH,SR0112OPB
SR0164SB,SR0164S
SR0218R,SR0218R_N
SP0143EB,SP0143E
SR0112RB,SR0112R
SE0104RB,SE0102R
SR0354RG,SR0354R
SE0104T,SE0102T
SP0166SB,SP0166S
SR0683AQ,SR0683AQ
AMRY1104,AMRY1104
AMPW1008,AMPW1008
SR0152T,SR0152T_N
SP0159RH,SP0159R
SR0245RB,SR0245R
AMPW1001,AMPW1001
SP0135EG,SP0135E
SR0112RB,SR0112R
SR0151RH,SR0151R
SR0112TH,SR0112T
SE0125TB,SE0125T
AMRW1085,AMRW1085
SR0158R,SR0158R
AMRW1225,AMRW1225
AMRY1098,AMRY1098
SR0263SB,SR0263S
AMPW1041,AMPW1041
SP0148SH,SP0148S_N
AMRW1207,AMRW1207
SE0130TB,SE0130T
SP0166SB,SP0166S
SP0152TB,SP0152T
SP0152RB,SP0152R
SR0114SL,SR0112SL
SR0556D,WRD_SR0556D
SP0140EB,SP0140E
SP0169EH,SP0169E
SR0101RG,SR0101R_N
SD_SR0193D,SD_SR0193D_N
SE0104RB,SE0102R
SE0952BKD,SE0952BKD
SR0164SB,SR0164S
SR0163TB,SR0163T
AMRW1250,AMRW1250
SP0161TB,SP0161T
SP0150RH,SP0150R
SP0108TB,SP0108T
SR0169RB,SR0169R
SE0104SB,SE0102S
AMRY1088,AMRY1088
SR0241EL,SR0241EL
SR0149BO,SR0149BO
SP0579TQ,SP0579TQ
SP0159RH,SP0159R
AMRY1086,AMRY1086
SR0272PR,SR0272PR
SR0263SB,SR0263S
SR0169SH,SR0169S
SR0121EDH,SR0121ED
AMRW1123,AMRW1123
SP0152RB,SP0152R
AMPW1004,AMPW1004
SP0119TB,SP0119T
AMPW1023,AMPW1023
SP0159TB,SP0159T
SR0160SB,SR0160S
WRG_SR0671R,WRG_SR0671R
AMRW1109,AMRW1109
AMRY1209,AMRY1209
WRM_SR0826,WRM_SR0826
WRM_SR0826,WRM_SR0826
SR0157SH,SR0231S
SP0169TB,SP0169T
WRM_SR0789,WRM_SR0789
SR0128SL,SR0128SL
SE0104SH,SE0102S
AMPW1041,AMPW1041
SR0754R,SR0754R
AMRY1098,AMRY1098
SR0112SB,SR0112S
SR0263SL,SR0263SL
SR0112RB,SR0112R
SR0158T,SR0158T
SR0327SL,SR0327SL
SR0110SB,SR0110S
SP0165SB,SP0165S
AMPW1024,AMPW1024
SE0104EB,SE0102E
SP0124TB,SP0124T
SE0104TH,SE0102T
SP0149RB,SP0149R_N
SP0169TH,SP0169T
SR0164SL,SR0164SL
SR0112SB,SR0112S
SP0150RH,SP0150R
SR0112SB,SR0112S
SR0556D,WRD_SR0556D
SE0125SB,SE0125S
SE0105EB,SE0105E
SP0149TB,SP0149T_N
SR0157SB,SR0231S
SR0148SB,SR0148S
SR0112SH,SR0112S
AMRW1207,AMRW1207
SR0263SB,SR0263S
SP0169SB,SP0169S
SR0415SB,SR0415S
SR0163RB,SR0163R
WRD_SR0843D,WRD_SR0843D
WRM_SR0780,WRM_SR0780
SR0218S,SR0218S_N
SR0162SB,SR0163S
SR0211EB,SR0211E
AMPW1002,AMPW1002
SR0263SB,SR0263S
SE0952BKD,SE0952BKD
SR0190SL,SR0190SL
SE0104SB,SE0102S
WRM_SR0776,WRM_SR0776
AMRY1086,AMRY1086
SR0133RH,SR0133R
AMPW1002,AMPW1002
SR0107EG,SR0107E
SP0166SB,SP0166S
SR0167S,SR0167S
SP0166SB,SP0166S
SR0148EH,SR0148E
SR0157SB,SR0231S
SP0149RB,SP0149R_N
AMRW1229,AMRW1229
SR0133RB,SR0133R
SR0263SB,SR0263S
SP0152SG,SP0152S
SE0130SG,SE0130S
SR0148EH,SR0148E
AMRW1240,AMRW1240
SR0110SB,SR0110S
SE0104E,SE0102E
SR0150RH,SR0150R
SP0159TB,SP0159T
SE0102RB,SE0102R
SP0153TB,SP0153T
SE0104EB,SE0102E
SP0149RB,SP0149R_N
SR0594SB,SR0594S
SP0149SB,SP0149S_N
AMRW1089,AMRW1089
SR0112SB,SR0112S
SP0169SB,SP0169S
SR0218SB,SR0218S_N
AMRW1223,AMRW1223
SP0135EB,SP0135E
SR0230EG,SR0230E
SP0108SG,SP0108S
AMRW1229,AMRW1229
SP0166SB,SP0166S
SR0169RB,SR0169R
SR0218ML,SR0218ML
AMRY1096,AMRY1096
SR0163RB,SR0163R
AMRW1221,AMRW1221
AMPY1022,AMPY1022
SP0149RB,SP0149R_N
SE0127RB,SE0127R
SR0158R,SR0158R
SE0102RB,SE0102R
SP0144RB,SP0144R
SE0952BKD,SE0952BKD
SP0142EB,SP0143E
SR0217SL,SR0217SL
AMRW1205,AMRW1205
WRG_SR0671S,WRG_SR0671S
SR0604BO,SR0604BO
SR0112RB,SR0112R
SR0263SB,SR0263S
AMRY1116,AMRY1116
SP0155SG,SP0155S
SR0152S,SR0152S_N
SR0206EL,SR0206EL
SR0219TH,SR0219T
SP0159RB,SP0159R
SR0169RB,SR0169R
SP0166SB,SP0166S
SR0112RB,SR0112R
WRD_SR0839D,WRD_SR0839D
WRD_SR0865D,WRD_SR0865D
SE0125TB,SE0125T
SP0108SB,SP0108S
AMRW1207,AMRW1207
AMPW1008,AMPW1008
AMEW1009,AMEW1009
SR0223TH,SR0223T
SR0107RH,SR0107R
AMRW1240,AMRW1240
SE0102TB,SE0102T
AMRW1229,AMRW1229
SP0551S_N,SP0551S_N
SR0163TB,SR0163T
SP0148SB,SP0148S_N
SE0952D,SE0952D
SR0218S,SR0218S_N
SP0165SB,SP0165S
SE0952BKD,SE0952BKD
SR0112RB,SR0112R
SP0169SB,SP0169S
SR0148EH,SR0148E
AMPY1022,AMPY1022
SP0149RB,SP0149R_N
SP0165SB,SP0165S
SR0133EH,SR0133E
SR0150SB,SR0150S
SR0162SB,SR0163S
SR0581D,WRD_SR0581D
SR0245TB,SR0245T
AMRY1118,AMRY1118
SR0149SL,SR0149SL
AMRW1085,AMRW1085
SR0171TH,SR0171T
SR0158TH,SR0158T
SRY0110TB,SR0110T
SP0165SB,SP0165S
SP0519RB,SP0519R
SP0152RH,SP0152R
SP0158TB,SP0158T
SP0156S,SP0108S
SP0150EB,SP0150E
SR0212SB,SR0212S
SE0262RH,SE0262R
SP0149RB,SP0149R_N
SP0153TB,SP0153T
SE0139RB,SE0139R
AMPW1002,AMPW1002
AMRW1085,AMRW1085
SP0156SB,SP0108S
SP0152EB,SP0152E
WRM_SR0910,WRM_SR0910
WRM_SR0910,WRM_SR0910
SP0166SB,SP0166S
AMRY1120,AMRY1120
SP0141OPG,SP0141OPB
AMRW1222,AMRW1222
SR0600D,WRD_SR0600D
SR0112EB,SR0112E
SR0107RH,SR0107R
SE0104RB,SE0102R
AMPW1024,AMPW1024
AMPY1022,AMPY1022
SE0104E,SE0102E
SR0220RB,SR0220R
AMRW1085,AMRW1085
AMPW1020,AMPW1020
AMRW1234,AMRW1234
SE0104SB,SE0102S
AMRW1205,AMRW1205
AMRW1205,AMRW1205
AMRW1221,AMRW1221
AMRW1221,AMRW1221
SP0156S,SP0108S
SP0169SB,SP0169S
SP0158TB,SP0158T
WRM_SR0853,WRM_SR0853
SE0104T,SE0102T
SR0301D,WRM_SR0301D
SP0169SB,SP0169S
SP0140R,SP0186R
AMRW1085,AMRW1085
SP0160S,SP0160S
SE0139EB,SE0139E
SR0110RH,SR0110R
SR0121EDB,SR0121ED
SR0347EB,SR0347E
SE0104EB,SE0102E
SE0104SB,SE0102S
SR0112RG,SR0112R
SP0165SB,SP0165S
AMRY1102,AMRY1102
SE0104T,SE0102T
SP0142EB,SP0143E
AMRW1109,AMRW1109
SP0166SB,SP0166S
SP0166SB,SP0166S
AMPW1018,AMPW1018
AMPW1024,AMPW1024
SE0952D,SE0952D
SR0152S,SR0152S_N
SR0126SG,SR0126S
SE0952BKD,SE0952BKD
SE0111SH,SE0111S
SP0159SH,SP0159S
SP0143EB,SP0143E
AMRY1209,AMRY1209
SR0126SG,SR0126S
SP0149SB,SP0149S_N
SR0245RB,SR0245R
SE0139EG,SE0139E
SP0158TB,SP0158T
SE0104EH,SE0102E
SP0519EB,SP0519E
SE0139EH,SE0139E
AMRY1120,AMRY1120
SR0103RH,SR0103R
SR0133RB,SR0133R
AMPW1041,AMPW1041
SE0130SG,SE0130S
SR0120S,SR0120S_N
SE0952BKD,SE0952BKD
SR0218E,SR0218E_N
WRD_SR0868D,WRD_SR0868D
SR0232SL,SR0232SL
SR0169TB,SR0169T
AMRW1085,AMRW1085
SR0169SH,SR0169S
WRD_SR0722D,WRD_SR0722D
SR0231TB,SR0231T
SE0130TB,SE0130T
SP0519TB,SP0519T
AMRW1085,AMRW1085
AMPW1002,AMPW1002
SP0141CTB,SP0141CTB
SR0169SH,SR0169S
AMRW1250,AMRW1250
SE0142TB,SE0142T
SE0952BKD,SE0952BKD
AMRW1229,AMRW1229
SR0267EH,SR0267E
AMPW1024,AMPW1024
SR0272PR,SR0272PR
SR0158T,SR0158T
SR0107RH,SR0107R
SR0112RB,SR0112R
AMRW1234,AMRW1234
SR0218ML,SR0218ML
AMRW1221,AMRW1221
SP0150EB,SP0150E
AMRW1224,AMRW1224
SR0112SB,SR0112S
SE0139SB,SE0139S
SR0148EH,SR0148E
SP0152RB,SP0152R
SR0162SH,SR0163S
AMPW1002,AMPW1002
AMRY1098,AMRY1098
SP0178EH,SP0178E
SR0206EL,SR0206EL
AMRW1174,AMRW1174
SR0112EH,SR0112E
AMPW1008,AMPW1008
SR0152TH,SR0152T_N
SP0140R,SP0186R
SP0519SH,SP0519S
AMPW1002,AMPW1002
SP0102RB,SPY0102R
SP0102TB,SP0102T
SP0102SB,SP0102S
SP0141PG,SP0141PB
SR0249TB,SR0249T
SR0169RB,SR0169R
SE0104SB,SE0102S
SP0162RH,SP0162R
SR0218SH,SR0218S_N
AMRW1113,AMRW1113
WRMED_SR0844D,WRMED_SR0844D
AMRW1127,AMRW1127
SR0427SB,SR0427S
WRG_SR0671R,WRG_SR0671R
SE0102TB,SE0102T
SR0218S,SR0218S_N
SE0104TH,SE0102T
WR_SR0630D,WR_SR0630D
SP0169RB,SP0169R
SP0152EB,SP0152E
AMRW1240,AMRW1240
AMRY1098,AMRY1098
SR0112EB,SR0112E
SR0164TB,SR0164T
SP0519RH,SP0519R
SE0104EB,SE0102E
AMRW1099,AMRW1099
SR0158E,SR0158E
SP0540S,SP0540S_N
SE0104E,SE0102E
SR0354E,SR0357E
SP0149RB,SP0149R_N
AMRW1085,AMRW1085
SE0105SB,SE0107S
SR0163SB,SR0163S
SP0165SB,SP0165S
SP0165SB,SP0165S
SR0358S,SR0357S
SE0104R,SE0102R
AMRW1085,AMRW1085
SE0125TB,SE0125T
SR0354RB,SR0354R
SR0133RB,SR0133R
SE0952BKD,SE0952BKD
AMRW1085,AMRW1085
SR0683PS,SR0683PS
AMEW1006,AMEW1006
AMRY1084,AMRY1084
SE0104SB,SE0102S
SP0156S,SP0108S
SR0162SG,SR0163S
AMRW1205,AMRW1205
SE0139RB,SE0139R
SR0103RH,SR0103R
SR0153TH,SR0153T
SR0158T,SR0158T
SE0104RB,SE0102R
WRM_SR0826,WRM_SR0826
WRM_SR0826,WRM_SR0826
AMPW1023,AMPW1023
SE0105SB,SE0107S
SP0158TB,SP0158T
SE0102SB,SE0102S
SR0112EB,SR0112E
SD_SR0193D,SD_SR0193D_N
SE0952D,SE0952D
SR0241SL,SR0241SL
SE0126SB,SE0126S
SP0519RH,SP0519R
SR0354S,SR0357S
SR0175RB,SR0175R
SE0952BKD,SE0952BKD
AMPW1004,AMPW1004
SE0126RB,SE0126R
AMEW1014,AMEW1014
WRM_SR0889,WRM_SR0889
WRM_SR0889,WRM_SR0889
SR0160TB,SR0160T
SP0148SB,SP0148S_N
SP0165SB,SP0165S
SR0404EB,WREG_SR0404E
SR0148EH,SR0148E
SR0114S,SR0112S
AMPW1001,AMPW1001
AMRW1207,AMRW1207
SR0112SB,SR0112S
SE0262RB,SE0262R
AMRW1085,AMRW1085
SE0130TB,SE0130T
AMPY1022,AMPY1022
SE0142TB,SE0142T
AMRY1118,AMRY1118
SD_SR0193D,SD_SR0193D_N
SR0133RB,SR0133R
SE0952D,SE0952D
SR0152R,SR0152R_N
SR0107SB,SR0107S
SR0112SB,SR0112S
SR0158PS,SR0158PS
SR0148RB,SR0148R
SE0104SB,SE0102S
SE0112TB,SE0112T
SR0112TG,SR0112T
SP0169SB,SP0169S
SR0112EH,SR0112E
SP0165SB,SP0165S
SR0112SB,SR0112S
SR0110SB,SR0110S
SR0350TH,SR0350T
SP0156SB,SP0108S
SR0101RDG,SR0101RD
AMPW1002,AMPW1002
AMPW1028,AMPW1028
SR0162SH,SR0163S
SR0111RG,SR0111R
SE0125SB,SE0125S
SP0166SB,SP0166S
SR0581D,WRD_SR0581D
AMRW1210,AMRW1210
AMPW1023,AMPW1023
SR0267EH,SR0267E
AMRW1207,AMRW1207
WRM_SR0886,WRM_SR0886
SR0116R,SR0116R_N
SP0159TB,SP0159T
WRM_SR0826,WRM_SR0826
SR0118EB,SR0118E
AMRW1239,AMRW1239
AMRY1098,AMRY1098
SR0112TG,SR0112T
AMPY1022,AMPY1022
SR0112AQ,SR0114AQ
SP0159RH,SP0159R
SR0133RB,SR0133R
WRD_SR0263D,WRD_SR0263D
SR0263SL,SR0263SL
SR0133RH,SR0133R
SR0152S,SR0152S_N
AMRW1085,AMRW1085
SP0150TB,SP0150T
SP0165SB,SP0165S
AMRW1239,AMRW1239
SP0155RB,SP0155R
SP0119TB,SP0119T
SP0519RH,SP0519R
SE0104SB,SE0102S
SR0164SL,SR0164SL
SR0347EB,SR0347E
SR0272PR,SR0272PR
SE0104TH,SE0102T
AMRW1085,AMRW1085
SE0104RB,SE0102R
SE0125TB,SE0125T
SR0242TH,SR0242T
AMRY1102,AMRY1102
SE0952BKD,SE0952BKD
SP0141AMG,SP0141AMB
AMPW1024,AMPW1024
AMRW1223,AMRW1223
AMRY1102,AMRY1102
SP0161TB,SP0161T
SE0104T,SE0102T
AMPW1026,AMPW1026
SE0952BKD,SE0952BKD
SR0218T,SR0218T_N
SR0162SB,SR0163S
SR0112RB,SR0112R
SE0127TB,SE0127T
SR0660ML,SR0660ML
SR0177SL,SR0177SL
SE0104TG,SE0102T
AMPW1001,AMPW1001
SE0105SB,SE0107S
SR0223TB,SR0223T
SE0106CTB,SE0106CTB
AMRY1122,AMRY1122
AMRW1085,AMRW1085
SR0152R,SR0152R_N
SR0653ML,SR0653ML
AMPW1001,AMPW1001
AMRW1223,AMRW1223
SR0152R,SR0152R_N
SP0169SB,SP0169S
SR0150RB,SR0150R
SE0127TB,SE0127T
AMPW1002,AMPW1002
AMRW1234,AMRW1234
SPY0119RH,SP0119R
SR0327SL,SR0327SL
SP0150RH,SP0150R
SR0103RH,SR0103R
SP0141CTB,SP0141CTB
SE0325BTH,SE0325BTH
SR0110SB,SR0110S
SR0175RB,SR0175R
AMEW1020,AMEW1020
SP0129EB,SP0129E
SE0105RG,SE0105R
SR0404RB,WREG_SR0404R
SR0404EB,WREG_SR0404E
SR0128SL,SR0128SL
SR0103SB,SR0102S
SP0159RH,SP0159R
SP0165SB,SP0165S
SE0104EB,SE0102E
SR0683AQ,SR0683AQ
SR0263SB,SR0263S
SE0104EH,SE0102E
SE0952BLD,SE0952BLD
SE0125TB,SE0125T
SR0116R,SR0116R_N
AMPW1007,AMPW1007
SR0121EDH,SR0121ED
AMRW1208,AMRW1208
SP0166SB,SP0166S
SP0519SH,SP0519S
SR0158E,SR0158E
SP0155SB,SP0155S
SR0112TG,SR0112T
AMPW1001,AMPW1001
SR0169RB,SR0169R
SP0149RB,SP0149R_N
SP0124PB,SP0124PB
SR0245RB,SR0245R
SE0104RB,SE0102R
SR0164TB,SR0164T
SE0104SB,SE0102S
SR0218ML,SR0218ML
WRD_SR0752D,WRD_SR0752D
WRM_SR0832,WRM_SR0832
SR0157SB,SR0231S
SR0404SB,WREG_SR0404S
SR0169RB,SR0169R
SP0169SB,SP0169S
SE0104RB,SE0102R
SE0125TB,SE0125T
SE0125SB,SE0125S
SE0106SL,SE0106SL
SP0108TB,SP0108T
SE0102RH,SE0102R
SE0130SG,SE0130S
SE0130RB,SE0130R
SD_SR0193D,SD_SR0193D_N
SR0112SB,SR0112S
SR0270SB,SR0270S
WRD_SR0867D,WRD_SR0867D
SE0104SB,SE0102S
AMPW1001,AMPW1001
AMRW1089,AMRW1089
SR0101SDH,SR0101SD
SP0169SB,SP0169S
AMPY1003,AMPY1003
SE0104SB,SE0102S
SR0202EG,SR0202E
SE0952BLD,SE0952BLD
AMPW1006,AMPW1006
AMPW1026,AMPW1026
AMPY1022,AMPY1022
AMPW1018,AMPW1018
SR0218E,SR0218E_N
SR0218E,SR0218E_N
SP0149SB,SP0149S_N
SP0156SB,SP0108S
SP0141PB,SP0141PB
SE0104EH,SE0102E
AMPW1002,AMPW1002
AMRY1084,AMRY1084
WRM_SR0779,WRM_SR0779
AMPY1022,AMPY1022
SR0148SB,SR0148S
AMRW1229,AMRW1229
SP0152EB,SP0152E
SP0152EB,SP0152E
SR0404SB,WREG_SR0404S
SR0152S,SR0152S_N
SR0357EH,SR0357E
AMPW1024,AMPW1024
SE0125TB,SE0125T
SE0125TB,SE0125T
SRY0110T,SR0110T
SP0141OPH,SP0141OPB
SE0162PR,SE0162PR
SE0102TB,SE0102T
SE0104SB,SE0102S
SP0141OPG,SP0141OPB
SR0112EH,SR0112E
SR0271SB,SR0271S
AMRY1090,AMRY1090
SR0169RB,SR0169R
SP0140EG,SP0140E
AMRW1229,AMRW1229
SR0600D,WRD_SR0600D
WRM_SR0776,WRM_SR0776
AMPW1009,AMPW1009
SR0150RB,SR0150R
SR0112RB,SR0112R
SR0163EB,SR0163E
AMPW1006,AMPW1006
AMRW1085,AMRW1085
AMRW1109,AMRW1109
SP0155TB,SP0155T
AMRW1087,AMRW1087
SR0150SG,SR0150S
SE0104RB,SE0102R
SR0146RB,SR0146R_N
AMRW1225,AMRW1225
SP0169AQ,SP0168AQ
SR0242RG,SR0242R
SR0355TB,SR0355T
SR0160SH,SR0160S
SP0159SB,SP0159S
SE0127TB,SE0127T
SP0141OPH,SP0141OPB
SE0121OPH,SE0121OPB
AMPY1022,AMPY1022
SP0141AMG,SP0141AMB
AMRW1226,AMRW1226
SE0130SG,SE0130S
AMPW1004,AMPW1004
AMRW1085,AMRW1085
SP0519TB,SP0519T
SR0110TB,SR0110T
SE0104TH,SE0102T
SP0155TB,SP0155T
SR0112RB,SR0112R
AMEW1014,AMEW1014
AMPY1022,AMPY1022
SR0133RB,SR0133R
SE0962BO,SE0962BO
AMPW1002,AMPW1002
SE0952D,SE0952D
SR0242EL,SR0242EL_N
SR0240SL,SR0240SL
SR0218S,SR0218S_N
AMRW1208,AMRW1208
SE0952BLD,SE0952BLD
SR0107RH,SR0107R
AMRW1229,AMRW1229
SR0206EL,SR0206EL
SR0116EH,SR0116E
SP0540S,SP0540S_N
SR0152SH,SR0152S_N
AMRY1084,AMRY1084
SR0112SB,SR0112S
SP0143EB,SP0143E
SR0160EB,SR0160E
SP0149T,SP0149T_N
SR0245TB,SR0245T
SE0125SB,SE0125S
SE0105RG,SE0105R
AMPW1020,AMPW1020
SR0218RH,SR0218R_N
SP0152RB,SP0152R
SR0169RH,SR0169R
SP0159RH,SP0159R
SPY0119RB,SP0119R
AMRW1206,AMRW1206
AMRW1101,AMRW1101
AMPY1022,AMPY1022
SR0638BO,SR0638BO
SP0140R,SP0186R
SR0152S,SR0152S_N
SE0104RB,SE0102R
SP0519RH,SP0519R
SP0149SB,SP0149S_N
SE0104RB,SE0102R
SR0146SH,SR0146S_N
SP0150RH,SP0150R
SE0104SB,SE0102S
SP0165SB,SP0165S
SP0149TB,SP0149T_N
SP0159RH,SP0159R
AMPY1022,AMPY1022
AMN0001_OLD,AMN0001_OLD
SE0104T,SE0102T
AMRW1234,AMRW1234
AMRW1085,AMRW1085
AMRW1223,AMRW1223
SP0540S,SP0540S_N
SR0150SH,SR0150S
AMRW1205,AMRW1205
AMRW1205,AMRW1205
SP0161EH,SP0161E
SP0144TB,SP0144T
SR0158PB,SR0158PB
SE0104TG,SE0102T
SE0105EG,SE0105E
SR0150SB,SR0150S
SP0566SB,SP0566S
SE0104RB,SE0102R
SE0104SB,SE0102S
SP0136EH,SP0135E
SR0115TAQ,SR0115TAQ_N
SP0159SB,SP0159S
SE0142TB,SE0142T
SP0169SB,SP0169S
SE0102RB,SE0102R
AMPY1022,AMPY1022
SP0155SB,SP0155S
SR0354E,SR0357E
SP0519RH,SP0519R
SR0415SB,SR0415S
SP0119TB,SP0119T
SR0133SB,SR0133S
SE0105SB,SE0107S
SE0136SB,SE0136S
AMRW1208,AMRW1208
SR0242EL,SR0242EL_N
SR0146RB,SR0146R_N
SR0301D,WRM_SR0301D
AMPY1022,AMPY1022
SE0133TB,SE0133T
AMPW1004,AMPW1004
SP0159RH,SP0159R
SP0142EB,SP0143E
SR0133EB,SR0133E
SR0197SL,SR0197SL
SR0190SL,SR0190SL
SR0112ML,SR0112ML
SP0519SH,SP0519S
SP0158TB,SP0158T
SP0141OPH,SP0141OPB
SR0263SB,SR0263S
SE0952BLD,SE0952BLD
AMPW1001,AMPW1001
SE0125TB,SE0125T
SP0155RB,SP0155R
SR0160SB,SR0160S
SE0104E,SE0102E
SE0104T,SE0102T
SR0169RB,SR0169R
SR0150SB,SR0150S
SE0104T,SE0102T
SP0166SB,SP0166S
AMRW1234,AMRW1234
SP0169SG,SP0169S
SP0108TB,SP0108T
AMRW1242,AMRW1242
AMRW1239,AMRW1239
SP0166SB,SP0166S
SE0104RB,SE0102R
SP0152SB,SP0152S
SR0170SB,SR0170S
SRY0118EB,SR0118E
SR0133SB,SR0133S
SR0404RB,WREG_SR0404R
SR0600D,WRD_SR0600D
SR0249TB,SR0249T
SE0102TB,SE0102T
AMPW1004,AMPW1004
SR0164TB,SR0164T
WRM_SR0912,WRM_SR0912
AMRY1086,AMRY1086
SR0150SG,SR0150S
AMRW1242,AMRW1242
AMRW1218,AMRW1218
AMRW1242,AMRW1242
AMPW1023,AMPW1023
SR0594SB,SR0594S
WRD_SR0671D,WRD_SR0671D
WRD_SR0702D,WRD_SR0702D
AMRY1106,AMRY1106
AMRW1085,AMRW1085
AMRW1085,AMRW1085
SE0104TH,SE0102T
SP0169RB,SP0169R
AMEW1006,AMEW1006
SR0358S,SR0357S
SE0142TB,SE0142T
AMPY1003,AMPY1003
SR0151TH,SR0151T
SE0952BKD,SE0952BKD
SP0108TB,SP0108T
AMPW1018,AMPW1018
SR0245TB,SR0245T
SP0382D,SP0382D
SE0106CTB,SE0106CTB
SR0750G,SR0750G
SP0149SB,SP0149S_N
SE0127SG,SE0127S
SP0458EB,SP0458E
AMPW1020,AMPW1020
AMRW1115,AMRW1115
SE0952BKD,SE0952BKD
SR0112RB,SR0112R
SE0105EB,SE0105E
SR0169RB,SR0169R
SR0173SB,SR0173S
SR0600D,WRD_SR0600D
SE0139RB,SE0139R
SE0952BKD,SE0952BKD
SP0166SB,SP0166S
SR0163SH,SR0163S
SP0165SB,SP0165S
SE0104T,SE0102T
SP0155TB,SP0155T
SR0169RB,SR0169R
SP0155TB,SP0155T
EMOP0001SC,EMOP0001SC
EMOP0001SC,EMOP0001SC
SP0150RH,SP0150R
SE0104SB,SE0102S
AMRW1141,AMRW1141
AMRW1085,AMRW1085
SE0104RB,SE0102R
SE0104EB,SE0102E
SP0149RB,SP0149R_N
SR0101RDH,SR0101RD
SP0158TG,SP0158T
AMEW1014,AMEW1014
AMPW1026,AMPW1026
SP0149R,SP0149R_N
SE0262RH,SE0262R
SR0211EB,SR0211E
AMPW1001,AMPW1001
SP0108TB,SP0108T
SR0126SG,SR0126S
SR0133RB,SR0133R
SR0175EB,SR0175E
SR0415SB,SR0415S
SR0101SDH,SR0101SD
SE0104RB,SE0102R
SR0163TB,SR0163T
SR0115EWSB,SR0115EWS_N
SP0141AM,SP0141AMB
SE0121AM,SE0121AMB
SR0249TH,SR0249T
SP0150TB,SP0150T
AMRW1095,AMRW1095
SR0148SB,SR0148S
SR0415SB,SR0415S
SE0952BLD,SE0952BLD
SR0150SH,SR0150S
SR0160RB,SR0160R
WRD_SR0672D,WRD_SR0672D
SR0157SB,SR0231S
SE0130RB,SE0130R
SR0160SH,SR0160S
SR0160RH,SR0160R
SP0159RH,SP0159R
WRD_SR0674D,WRD_SR0674D
SP0149RB,SP0149R_N
SE0127RB,SE0127R
SR0218TB,SR0218T_N
SR0177SL,SR0177SL
SR0169TB,SR0169T
AMPW1040,AMPW1040
SE0105SB,SE0107S
AMPW1001,AMPW1001
SR0343SH,SR0343S
SP0169SB,SP0169S
SR0128SL,SR0128SL
SE0105RG,SE0105R
SE0104EB,SE0102E
SE0952D,SE0952D
SR0266RH,SR0266R
SR0415SB,SR0415S
SR0263SB,SR0263S
SR0206EL,SR0206EL
SE0106SL,SE0106SL
SE0104EB,SE0102E
AMRY1098,AMRY1098
SP0519SH,SP0519S
SE0142TB,SE0142T
SP0144RB,SP0144R
AMRW1224,AMRW1224
SR0120S,SR0120S_N
SR0358T,SR0357T
AMRW1206,AMRW1206
SR0148EH,SR0148E
WRM_SR0784,WRM_SR0784_N
WRD_SR0220D,WRD_SR0220D
SE0104RB,SE0102R
SR0354T,SR0357T
SE0104RB,SE0102R
SE0952D,SE0952D
SE0952D,SE0952D
SR0112EG,SR0112E
SR0242EL,SR0242EL_N
SP0166SB,SP0166S
SE0102TB,SE0102T
AMRW1206,AMRW1206
SR0152S,SR0152S_N
SRY0217E,SR0217E
SP0166SB,SP0166S
EMOP0001SC,EMOP0001SC
SE0104SH,SE0102S
SP0566SB,SP0566S
WRMED_SR0844D,WRMED_SR0844D
SR0169EB,SR0169E
SE0104EB,SE0102E
AMPW1041,AMPW1041
SR0152SG,SR0152S_N
SR0112OPG,SR0112OPB
SR0112EH,SR0112E
SR0155TH,SR0155T
SP0152SB,SP0152S
SE0952D,SE0952D
SP0166SB,SP0166S
SR0112RB,SR0112R
SR0160EB,SR0160E
