about-angara.do;about-us.html
about-careers.do;career.html
about-management.do;management-team.html
aboutsetting.do;jewelry-guide/pendant-earring-ring-settings.html
angara-in-press.do;angara-in-press.html
aquamarine-Pendants-buying-guide;jewelry-guide/aquamarine-pendants-buying-guide.html
articles.do;jewelry-guide/jewelry-articles.html
articles/about-gemstone-cuts.do;jewelry-guide/about-gemstone-cuts.html
articles/all-about-diamonds.do;jewelry-guide/all-about-diamonds.html
articles/aquamarine-earrings.do;jewelry-guide/aquamarine-earrings.html
articles/aquamarine-jewelry.do;jewelry-guide/aquamarine-jewelry.html
articles/aquamarine-rings.do;jewelry-guide/aquamarine-rings.html
articles/blue-sapphire-from-kanchanaburi.do;jewelry-guide/blue-sapphire-from-kanchanaburi.html
articles/colored-gemstone-clarity-and-transparency.do;jewelry-guide/colored-gemstone-clarity-and-transparency.html
articles/determining-origins-of-sapphire.do;jewelry-guide/determining-origins-of-sapphire.html
articles/determining-the-ruby-color.do;jewelry-guide/determining-the-ruby-color.html
articles/diamond-earrings.do;jewelry-guide/diamond-earrings.html
articles/diamond-jewelry.do;jewelry-guide/diamond-jewelry.html
articles/diamond-pendants.do;jewelry-guide/diamond-pendants.html
articles/diamond-rings.do;jewelry-guide/diamond-rings.html
articles/emerald-earrings.do;jewelry-guide/emerald-earrings.html
articles/emerald-gemstone-jewelry-caring.do;jewelry-guide/emerald-gemstone-jewelry-care.html
articles/emerald-pendants.do;jewelry-guide/emerald-pendants.html
articles/emerald-rings.do;jewelry-guide/emerald-rings.html
articles/gemstone-aquamarine.do;jewelry-guide/gemstone-aquamarine.html
articles/gemstone-carat-vs-price.do;jewelry-guide/gemstone-carat-vs-price.html
articles/gemstone-emerald.do;jewelry-guide/gemstone-emerald.html
articles/gemstone-ruby.do;jewelry-guide/gemstone-ruby.html
articles/gemstone-tanzanite.do;jewelry-guide/gemstone-tanzanite.html
articles/judging-the-right green-for-emerald.do;jewelry-guide/judging-the-right-green-for-emerald.html
articles/ruby-earrings.do;jewelry-guide/ruby-earrings.html
articles/ruby-jewelry.do;jewelry-guide/ruby-jewelry.html
articles/ruby-pendants.do;jewelry-guide/ruby-pendants.html
articles/ruby-rings.do;jewelry-guide/ruby-rings.html
articles/sapphire-earrings.do;jewelry-guide/sapphire-earrings.html
articles/sapphire-jewelry.do;jewelry-guide/sapphire-jewelry.html
articles/sapphire-pendants.do;jewelry-guide/sapphire-pendants.html
articles/sapphire-rings.do;jewelry-guide/sapphire-rings.html
articles/scrutinizing-life-of-a-gemstone.do;jewelry-guide/scrutinizing-life-of-a-gemstone.html
articles/tanzanite-care.do;jewelry-guide/tanzanite-care.html
articles/tanzanite-earrings.do;jewelry-guide/tanzanite-earrings.html
articles/tanzanite-jewelry.do;jewelry-guide/tanzanite-jewelry.html
articles/where-does-your-ruby-belong-to.do;jewelry-guide/where-does-your-ruby-belong-to.html
buy-diamond.do;jewelry-guide/diamond-buying-guide.html
buy-gemstones.do;jewelry-guide/gemstone-buying-guide.html
carat-weight.do;jewelry-guide/diamond-carat-weight.html
caring.do;jewelry-guide/jewelry-care.html
cart.do;checkout/cart/
citrine-education.do;birthstone-jewelry/november-birthstone-citrine-jewelry.html
clarity.do;jewelry-guide/diamond-clarity.html
collection/sapphire/be-mine.html;collection/be-mine.html
collection/sapphire/facets.html;collection/be-mine.html
collection/sapphire/vintage.html;collection/facets.html
color.do;jewelry-guide/diamond-colors.html
colored-diamonds/black-grey-white-diamonds.html;jewelry/colored-diamond-jewelry.html
colored-diamonds/brown-diamonds.html;jewelry/colored-diamond-jewelry.html
colored-diamonds/green-diamonds.html;jewelry/colored-diamond-jewelry.html
colored-diamonds/orange-diamonds.html;jewelry/colored-diamond-jewelry.html
colored-diamonds/red-pink-purple-diamonds.html;jewelry/colored-diamond-jewelry.html
colored-diamonds/yellow-diamonds.html;jewelry/colored-diamond-jewelry.html
contact-us.do;contact-us.html
crain.do;crains.html
create-account.do;customer/account/login/
customer-service.do;customer-service.html
customer-testimonial.html;testimonials
custom-jewelry.html;jewelry/gemstone-jewelry.html
cut.do;jewelry-guide/diamond-cut.html
daily-candy.do;daily-candy.html
design-ring.do;custom-jewelry.html
earrings/diamondstud.html;earrings/diamond-studs.html
Earrings/diamond-studs;earrings/diamond-studs.html
earrings/diamondstuds.html;earrings/diamond-studs.html
earrings/diamond-studs-1.html;earrings/diamond-studs.html
earrings/new-collection.html;collection/exotic-drop-earrings.html
earrings/new-collection/exotic-drop-earrings.html;collection/exotic-drop-earrings.html
emerald-education.do;jewelry-guide/about-emerald.html
emerald-rings-buying-guide;jewelry-guide/emerald-rings-buying-guide.html
faq.do;faq.html
five-stone-mothers-rings;mothers-jewelry/five-stone-rings.html
four-stone-mothers-rings;mothers-jewelry/four-stone-rings.html
gemstone-origins.do;jewelry-guide/gemstone-origins.html
Gifts/Anniversary-Gifts;jewelry-gifts/anniversary-gifts.html
Gifts/Birthday-Gifts;jewelry-gifts/birthday-gifts.html
Gifts/Bridal-Jewelry;jewelry/bridal-jewelry.html
Gifts/Chrismas-Jewelry-Gifts;jewelry-gifts/christmas-gifts.html
Gifts/Gift-Sets;mothers-jewelry/gift-sets.html
Gifts/Gifts-for-Her;jewelry-gifts/gifts-for-her.html
Gifts/Graduation-Gifts;jewelry-gifts/graduation-gifts.html
Gifts/Prom-Jewelry;jewelry-gifts/prom-jewelry.html
Gifts/St.-Patrick%27s;jewelry-gifts/st-patricks-gifts.html
Gifts/Sweet-16;jewelry-gifts/sweet-16-gifts.html
Gifts/Thanksgiving-Jewelry-Gifts;jewelry-gifts/thanksgiving-gifts.html
glossary.do;jewelry-guide/jewelry-glossary.html
how-buy.do;jewelry-gifts.html
index.do;
jewelry.do;jewelry.html
Jewelry-Clearance.do;jewelry/jewelry-clearance.html
jewelry-gifts/bridal-jewelry.html;jewelry/bridal-jewelry.html
jewelry-gifts/gift-sets.html;mothers-jewelry/gift-sets.html
jewelry-guide/about-birthstones;jewelry-guide/about-birthstones.html
jewelry-guide/buying-guide.html;jewelry-guide/jewelry-articles.html
jewelry-guide/how-to-choose-ruby;jewelry-guide.html
jewelry-guide/push-present-jewelry.html;jewelry-gifts/push-present-jewelry-gifts.html
jewerly-gitfs/virtual-gifts.html;jewerly-gifts/virtual-gifts.html
learning-center.do;jewelry-guide.html
learn-nc.do;jewelry-guide/about-colored-diamonds.html
metal.do;jewelry-guide/about-jewelry-metal.html
Mother-Jewelry;mothers-jewelry.html
natural-color-diamonds.html;jewelry/colored-diamond-jewelry.html
Natural-Color-Diamonds/Black-Grey-White-Diamonds;jewelry/colored-diamond-jewelry.html
natural-color-diamonds/black-grey-white-diamonds.html;jewelry/colored-diamond-jewelry.html
Natural-Color-Diamonds/Brown-Natural-Color-Diamonds;jewelry/colored-diamond-jewelry.html
natural-color-diamonds/brown-natural-color-diamonds.html;jewelry/colored-diamond-jewelry.html
Natural-Color-Diamonds/Green-Natural-Color-Diamonds;jewelry/colored-diamond-jewelry.html
natural-color-diamonds/green-natural-color-diamonds.html;jewelry/colored-diamond-jewelry.html
Natural-Color-Diamonds/Orange-Natural-Color-Diamonds;jewelry/colored-diamond-jewelry.html
natural-color-diamonds/orange-natural-color-diamonds.html;jewelry/colored-diamond-jewelry.html
Natural-Color-Diamonds/Red-Pink-Purple-Diamonds;jewelry/colored-diamond-jewelry.html
natural-color-diamonds/red-pink-purple-diamonds.html;jewelry/colored-diamond-jewelry.html
Natural-Color-Diamonds/Yellow-Natural-Color-Diamonds;jewelry/colored-diamond-jewelry.html
natural-color-diamonds/yellow-natural-color-diamonds.html;jewelry/colored-diamond-jewelry.html
New-Arrivals;jewelry/new-arrivals.html
one-stone-mothers-rings;mothers-jewelry/one-stone-rings.html
p/round-amethyst-and-diamond-hoop-earrings-se0920am.html;p/round-amethyst-and-diamond-lever-back-earrings-se0920am.html
p/round-aquamarine-and-diamond-hoop-earrings-se0920aq.html;p/round-aquamarine-and-diamond-lever-back-earrings-se0920aq.html
p/round-citrine-and-diamond-hoop-earrings-se0920ct.html;p/round-citrine-and-diamond-lever-back-earrings-se0920ct.html
p/round-emerald-and-diamond-hoop-earrings-se0920e.html;p/round-emerald-and-diamond-lever-back-earrings-se0920e.html
p/round-garnet-and-diamond-hoop-earrings-se0920g.html;p/round-garnet-and-diamond-lever-back-earrings-se0920g.html
p/round-ruby-and-diamond-hoop-earrings-se0920r.html;p/round-ruby-and-diamond-lever-back-earrings-se0920r.html
p/round-sapphire-and-diamond-hoop-earrings-se0920s.html;p/round-blue-sapphire-and-diamond-lever-back-earrings-se0920s.html
p/round-tanzanite-and-diamond-hoop-earrings-se0920t.html;p/round-tanzanite-and-diamond-lever-back-earrings-se0920t.html
password.do;customer/account/login/
Premium-Emerald-Rings;rings/emerald-rings.html
Premium-Tanzanite-Rings;rings/tanzanite-rings.html
privacy.do;privacy-and-security.html
return-policy.do;return-policy.html
sapphire-education.do;jewelry-guide/about-sapphire.html
sapphire-pendants-buying-guide;jewelry-guide/sapphire-pendants-buying-guide.html
settings.do;jewelry-guide/pendant-earring-ring-settings.html
shipping-information.do;shipping.html
sign-in.do;customer/account/login/
Solitaire-Diamonds;jewelry-guide.html
spend.do;jewelry-guide.html
tag/angara-on-facebook/;angara-in-press.html
tag/special-offer-for-valentines/;rings/ruby-rings.html
tag/weekly-raffle/;rings/ruby-rings.html
tanzanite-earrings-buying-guide;jewelry-guide/tanzanite-earrings-buying-guide.html
tanzanite-education.do;jewelry-guide/about-tanzanite.html
tanzanite-engagement-rings-buying-guide;jewelry-guide/tanzanite-engagement-rings-buying-guide.html
Tanzanite-ladies;loose-gemstones/tanzanite.html
tanzanite-pendants-buying-guide;jewelry-guide/tanzanite-pendants-buying-guide.html
tanzanite-rings-buying-guide;jewelry-guide/tanzanite-rings-buying-guide.html
terms.do;term-of-use.html
testimonials.do;customer-testimonials.html
testimonials.html;customer-testimonials.html
three-stone-mothers-rings;mothers-jewelry/three-stone-rings.html
Three-Stone-Sapphire-Ring-Guide;jewelry-guide/three-stone-sapphire-ring-guide.html
tips-for-buying-colored-gemstones.do;jewelry-guide/tips-for-buying-colored-gemstones.html
tips-on-buying-baby-jewelry.do;jewelry-guide/baby-jewelry-buying-guide.html
tips-on-buying-bridal-jewelry.do;jewelry-guide/bridal-jewelry-buying-guide.html
tips-on-buying-engagement-rings.do;jewelry-guide/engagement-rings-buying-guide.html
tips-to-find-her-ring-size.html;jewelry-guide/tips-to-find-her-ring-size.html
top-ten.do;jewelry-gifts/top-ten-jewelry.html
Top-Ten-Gift-Ideas;jewelry-gifts/top-ten-jewelry.html
two-stone-mothers-rings;mothers-jewelry/two-stone-rings.html
valentine-day-jewelry-gifts.do;jewelry-guide/valentine-day-gifts-jewelry.html
Valentine-Jewelry;jewelry-gifts/valentine-gifts.html
wedding-bands;engagement-rings/wedding-bands.html
Why-Choose-Emerald-Rings-as-Gifts;jewelry-guide/why-choose-emerald-rings-as-gifts.html
Why-Choose-Ruby-Rings-as-Gifts;jewelry-guide/why-choose-ruby-rings-as-gifts.html
Why-Choose-Sapphire-Rings-as-Gifts;jewelry-guide/why-choose-sapphire-rings-as-gifts.html
Zambian-Emeralds;jewelry-guide/about-zambian-emeralds.html












